text,label
ముంబైలో ఈ రాత్రి బయటకు వెళ్లడానికి వాతావరణం బాగుంటుందా?,te
ਮੁੰਬਈ ਵਿੱਚ ਅੱਜ ਰਾਤ ਧੁੱਪ ਰਹਿਣ ਦੀ ਸੰਭਾਵਨਾ ਹੈ?,pa
দিল্লি-তে আজ ঝড়ের সম্ভাবনা আছে কি?,bn
चेन्नई में कल बारिश होगी क्या?,hi
চেন্নাই-তে আগামীকাল আবহাওয়া কেমন থাকবে?,bn
ఈ వారం బెంగళూరులో ఎంత చల్లగా ఉంటుంది?,te
ચેન્નાઈમાં આવતીકાલે તડકો રહેવાની શક્યતા છે?,gu
சென்னைக்கான நாளை வானிலை முன்னறிவிப்பை சொல்லுங்கள்.,ta
इस सप्ताह बेंगलुरु में छाता लेकर जाना चाहिए क्या?,hi
ਮੁੰਬਈ ਵਿੱਚ ਅੱਜ ਰਾਤ ਹਵਾ ਕਿੰਨੀ ਤੇਜ਼ ਚੱਲੇਗੀ?,pa
ଦିଲ୍ଲୀରେ ଆଜି ତାପମାତ୍ରା କେତେ ରହିବ?,or
বেঙ্গালুরু-তে এই সপ্তাহে আবহাওয়া কেমন থাকবে?,bn
চেন্নাই-তে আগামীকাল কি জোরে বাতাস বইবে?,bn
ਬੈਂਗਲੁਰੂ ਵਿੱਚ ਇਸ ਹਫ਼ਤੇ ਯਾਤਰਾ ਲਈ ਮੌਸਮ ਕਿਹੋ ਜਿਹਾ ਰਹੇਗਾ?,pa
આવતીકાલે ચેન્નાઈમાં છત્રી લઈ જવી જોઈએ?,gu
What is the humidity in Bengaluru this week?,en
ಇಂದು ರಾತ್ರಿ ಮುಂಬೈನಲ್ಲಿ ಎಷ್ಟು ಚಳಿಯಾಗಿರುತ್ತದೆ?,kn
ଆଜି ଦିଲ୍ଲୀର ପାଗ କେମିତି ରହିବ?,or
ଚେନ୍ନାଇରେ ଆସନ୍ତାକାଲି ଯାତ୍ରା ପାଇଁ ପାଗ କେମିତି ରହିବ?,or
क्या दिल्ली में आज मौसम साफ रहेगा?,hi
दिल्ली में आज तूफान आने की संभावना है क्या?,hi
चेन्नई मध्ये उद्या पावसाची अपेक्षा आहे का?,mr
दिल्ली मध्ये आज तापमान कसे राहील?,mr
કોલકાતામાં આ સપ્તાહના અંતે મુસાફરી માટે હવામાન કેવું રહેશે?,gu
চেন্নাই-তে আগামীকাল বৃষ্টির সম্ভাবনা আছে কি?,bn
કોલકાતામાં આ સપ્તાહના અંતે પવન કેટલો ઝડપી હશે?,gu
चेन्नई साठी उद्या हवामानाचा अंदाज द्या.,mr
ಕೋಲ್ಕತ್ತಾನಲ್ಲಿ ಈ ವಾರಾಂತ್ಯದಲ್ಲಿ ಹವಾಮಾನ ಹೇಗಿದೆ?,kn
ચેન્નાઈમાં આવતીકાલે પવનની ઝડપ કેટલી રહેશે?,gu
ಮುಂಬೈನಲ್ಲಿ ಇಂದು ರಾತ್ರಿ ಮೋಡಗಳು ಇರುತ್ತವೆಯೇ?,kn
चेन्नई में कल आर्द्रता कितनी होगी?,hi
ਕੀ ਮੁੰਬਈ ਵਿੱਚ ਅੱਜ ਰਾਤ ਹਨੇਰੀ-ਤੂਫ਼ਾਨ ਆਵੇਗਾ?,pa
उद्या चेन्नई मध्ये किती उकाडा असेल?,mr
ଦିଲ୍ଲୀରେ ଆଜି ପାଗ କେମିତି ରହିବ?,or
दिल्ली में आज हवा कितनी तेज चलेगी?,hi
ಚೆನ್ನೈನಲ್ಲಿ ನಾಳೆ ಹೊರಗೆ ಹೋಗಲು ಛತ್ರಿ ಬೇಕೇ?,kn
कल चेन्नई में छाता लेकर जाना चाहिए क्या?,hi
কলকাতা-তে এই সপ্তাহান্তে বজ্রঝড় হবে কি?,bn
દિલ્હીમાં આજે હવામાં ભેજ કેટલો રહેશે?,gu
चेन्नई मध्ये उद्या आर्द्रता जास्त राहील का?,mr
மும்பைல் இன்று இரவு வெளியே செல்வதற்கு வானிலை நன்றாக இருக்குமா?,ta
মুম্বাই-তে আজ রাতে বাতাসের গতি কত থাকবে?,bn
ముంబై కోసం ఈ రాత్రి వాతావరణ అంచనాను చెప్పండి.,te
દિલ્હીમાં આજે બહાર જવા માટે છત્રી જોઈએ?,gu
ਕੀ ਦਿੱਲੀ ਵਿੱਚ ਅੱਜ ਮੀਂਹ ਵਾਲਾ ਮੌਸਮ ਰਹੇਗਾ?,pa
મુંબઈમાં આજે રાત્રે આકાશ વાદળછાયું રહેશે?,gu
આવતીકાલે ચેન્નાઈનું હવામાન કેવું રહેશે?,gu
কলকাতা-তে এই সপ্তাহান্তে বাইরে যাওয়ার জন্য আবহাওয়া ভালো কি?,bn
কলকাতা-তে এই সপ্তাহান্তে বাইরে গেলে কি ছাতা লাগবে?,bn
બેંગલુરુમાં આ અઠવાડિયે હવામાન કેવું રહેશે?,gu
ମୁମ୍ବାଇରେ ଆଜି ରାତିରେ ପବନର ବେଗ କେତେ ରହିବ?,or
బెంగళూరులో ఈ వారం ఉరుములతో కూడిన వర్షం పడుతుందా?,te
बेंगलुरु में इस सप्ताह तूफान आने की संभावना है क्या?,hi
What is the temperature in Chennai tomorrow?,en
చెన్నైలో రేపు తేమ ఎక్కువగా ఉంటుందా?,te
આજે રાત્રે મુંબઈમાં છત્રી લઈ જવી જોઈએ?,gu
டெல்லில் இன்று மழை பெய்ய வாய்ப்பு உள்ளதா?,ta
ముంబైలో ఈ రాత్రి తుఫాను వచ్చే అవకాశం ఉందా?,te
பெங்களூருல் இந்த வாரம் காற்று எவ்வளவு வேகமாக வீசும்?,ta
इस सप्ताह बेंगलुरु में कितनी ठंड होगी?,hi
કોલકાતામાં આ સપ્તાહના અંતે ભેજ કેટલો રહેશે?,gu
Is it going to rain in Mumbai tonight?,en
Will there be rain in Chennai tomorrow?,en
কলকাতা-তে এই সপ্তাহান্তে ঝড়ের সম্ভাবনা আছে কি?,bn
Will it be humid in Mumbai tonight?,en
இன்று இரவு மும்பைல் எவ்வளவு வெப்பமாக இருக்கும்?,ta
বেঙ্গালুরু-তে এই সপ্তাহে আর্দ্রতা কত থাকবে?,bn
क्या कोलकाता में इस सप्ताहांत बादल छाए रहेंगे?,hi
ಮುಂಬೈನಲ್ಲಿ ಇಂದು ರಾತ್ರಿ ಹವಾಮಾನ ಹೇಗಿದೆ?,kn
ಮುಂಬೈನಲ್ಲಿ ಇಂದು ರಾತ್ರಿ ಗಾಳಿ ಎಷ್ಟು ವೇಗವಾಗಿ ಬೀಸುತ್ತದೆ?,kn
मुंबई में आज रात तूफान आने की संभावना है क्या?,hi
Will there be rain in Delhi today?,en
చెన్నైలో రేపు ఎండగా ఉంటుందా?,te
বেঙ্গালুরু-তে এই সপ্তাহে আবহাওয়া কেমন?,bn
চেন্নাই-তে আগামীকাল আকাশ পরিষ্কার থাকবে কি?,bn
बेंगलुरु में इस सप्ताह मौसम कैसा है?,hi
Do I need an umbrella in Delhi today?,en
কলকাতা-তে এই সপ্তাহান্তে তাপমাত্রা কত থাকবে?,bn
ਦਿੱਲੀ ਵਿੱਚ ਅੱਜ ਤੂਫ਼ਾਨ ਦੀ ਸੰਭਾਵਨਾ ਹੈ?,pa
ਕੀ ਮੁੰਬਈ ਵਿੱਚ ਅੱਜ ਰਾਤ ਬਾਹਰ ਜਾਣ ਲਈ ਛਤਰੀ ਚਾਹੀਦੀ ਹੈ?,pa
ఈ రోజు ఢిల్లీలో ఎంత చల్లగా ఉంటుంది?,te
Give me the weather forecast for Bengaluru this week.,en
ਬੈਂਗਲੁਰੂ ਵਿੱਚ ਇਸ ਹਫ਼ਤੇ ਹਵਾ ਦੀ ਰਫ਼ਤਾਰ ਕਿੰਨੀ ਰਹੇਗੀ?,pa
মুম্বাই-তে আজ রাতে কি আকাশে মেঘ থাকবে?,bn
ಮುಂಬೈನಲ್ಲಿ ಇಂದು ರಾತ್ರಿ ಹವಾಮಾನದ ಬಗ್ಗೆ ಹೇಳಬಹುದೇ?,kn
சென்னைல் நாளை காற்றின் வேகம் எவ்வளவு இருக்கும்?,ta
கொல்கத்தால் இந்த வார இறுதியில் வானம் மேகமூட்டமாக இருக்குமா?,ta
Is Delhi likely to get rain today?,en
இன்று டெல்லில் வானிலை எப்படி இருக்கும்?,ta
मुंबई मध्ये आज रात्री हवामान कसे राहील?,mr
ದೆಹಲಿನಲ್ಲಿ ಇಂದು ಪ್ರಯಾಣಕ್ಕೆ ಹವಾಮಾನ ಹೇಗಿರುತ್ತದೆ?,kn
कल चेन्नई का मौसम कैसा रहेगा?,hi
આજે દિલ્હીમાં કેટલી ગરમી રહેશે?,gu
क्या मुंबई में आज रात मौसम बरसाती रहेगा?,hi
நாளை சென்னைல் எவ்வளவு வெப்பமாக இருக்கும்?,ta
दिल्ली मध्ये आज पावसाळी हवामान राहील का?,mr
ಕೋಲ್ಕತ್ತಾನಲ್ಲಿ ಈ ವಾರಾಂತ್ಯದಲ್ಲಿ ಗಾಳಿ ಎಷ್ಟು ವೇಗವಾಗಿ ಬೀಸುತ್ತದೆ?,kn
ਦਿੱਲੀ ਵਿੱਚ ਅੱਜ ਹਵਾ ਕਿੰਨੀ ਤੇਜ਼ ਚੱਲੇਗੀ?,pa
દિલ્હીમાં આજે આકાશ સ્વચ્છ રહેશે?,gu
How windy will it be in Kolkata this weekend?,en
ದೆಹಲಿನಲ್ಲಿ ಇಂದು ಮಳೆಯಾಗುವ ಸಾಧ್ಯತೆ ಇದೆಯೇ?,kn
Will there be thunderstorms in Chennai tomorrow?,en
ଚେନ୍ନାଇରେ ଆସନ୍ତାକାଲି ପାଗ କେମିତି ରହିବ?,or
কলকাতা-তে এই সপ্তাহান্তে বৃষ্টির সম্ভাবনা আছে কি?,bn
ਕੀ ਦਿੱਲੀ ਵਿੱਚ ਅੱਜ ਬਾਹਰ ਜਾਣ ਲਈ ਛਤਰੀ ਚਾਹੀਦੀ ਹੈ?,pa
କୋଲକାତାରେ ଏହି ସପ୍ତାହାନ୍ତରେ ବାହାରକୁ ଯିବାବେଳେ ଛତା ଦରକାର କି?,or
ముంబైలో ఈ రాత్రి గాలి వేగం ఎంత ఉంటుంది?,te
ਕੀ ਮੁੰਬਈ ਵਿੱਚ ਅੱਜ ਰਾਤ ਬੱਦਲ ਰਹਿਣਗੇ?,pa
బెంగళూరులో ఈ వారం గాలి వేగం ఎంత ఉంటుంది?,te
ਬੈਂਗਲੁਰੂ ਵਿੱਚ ਇਸ ਹਫ਼ਤੇ ਮੌਸਮ ਕਿਹੋ ਜਿਹਾ ਹੈ?,pa
क्या दिल्ली में आज बारिश होने की संभावना है?,hi
ਮੁੰਬਈ ਵਿੱਚ ਅੱਜ ਰਾਤ ਤੂਫ਼ਾਨ ਦੀ ਸੰਭਾਵਨਾ ਹੈ?,pa
What is the humidity in Mumbai tonight?,en
கொல்கத்தால் இந்த வார இறுதியில் இடியுடன் மழை பெய்யுமா?,ta
मुंबई मध्ये आज रात्री तापमान कसे राहील?,mr
டெல்லில் இன்று வெப்பநிலை எவ்வளவு இருக்கும்?,ta
મુંબઈમાં આજે રાત્રે પવન કેટલો ઝડપી હશે?,gu
What is the humidity in Kolkata this weekend?,en
କୋଲକାତାରେ ଏହି ସପ୍ତାହାନ୍ତରେ ବଜ୍ରପାତ ସହ ବର୍ଷା ହେବ କି?,or
Should I carry an umbrella in Bengaluru this week?,en
ಚೆನ್ನೈನಲ್ಲಿ ನಾಳೆ ಹವಾಮಾನದ ಬಗ್ಗೆ ಹೇಳಬಹುದೇ?,kn
ਕੀ ਬੈਂਗਲੁਰੂ ਵਿੱਚ ਇਸ ਹਫ਼ਤੇ ਨਮੀ ਜ਼ਿਆਦਾ ਰਹੇਗੀ?,pa
சென்னைல் நாளை வானிலை எப்படி இருக்கிறது?,ta
கொல்கத்தால் இந்த வார இறுதியில் வானிலை பற்றி சொல்ல முடியுமா?,ta
बेंगलुरु में इस सप्ताह धूप रहने की संभावना है क्या?,hi
ఈ వారాంతంలో కోల్‌కతాలో వాతావరణం ఎలా ఉంటుంది?,te
મુંબઈમાં આજે રાત્રે વરસાદી હવામાન રહેશે?,gu
Is Kolkata weather suitable for going outside this weekend?,en
कोलकाता मध्ये या आठवड्याच्या शेवटी वादळ येईल का?,mr
कोलकाता मध्ये या आठवड्याच्या शेवटी बाहेर जाताना छत्री लागेल का?,mr
કોલકાતામાં આ સપ્તાહના અંતે બહાર જવા માટે છત્રી જોઈએ?,gu
కోల్‌కతాలో ఈ వారాంతంలో వర్షం పడుతుందా?,te
આ અઠવાડિયે બેંગલુરુમાં કેટલી ગરમી રહેશે?,gu
Is a storm expected in Mumbai tonight?,en
மும்பைல் இன்று இரவு மேகங்கள் இருக்குமா?,ta
कोलकाता मध्ये या आठवड्याच्या शेवटी आर्द्रता किती राहील?,mr
मुंबई मध्ये आज रात्री तापमान किती राहील?,mr
क्या दिल्ली में आज धूप निकलेगी?,hi
दिल्ली में आज मौसम कैसा है?,hi
ਕੀ ਬੈਂਗਲੁਰੂ ਵਿੱਚ ਇਸ ਹਫ਼ਤੇ ਬਾਹਰ ਜਾਣ ਲਈ ਮੌਸਮ ਚੰਗਾ ਹੈ?,pa
బెంగళూరులో ఈ వారం ఎండ ఉండే అవకాశం ఉందా?,te
दिल्ली मध्ये आज वादळाची शक्यता आहे का?,mr
कोलकाता में इस सप्ताहांत यात्रा के लिए मौसम कैसा रहेगा?,hi
चेन्नई मध्ये उद्या प्रवासासाठी हवामान कसे राहील?,mr
ଏହି ସପ୍ତାହାନ୍ତରେ କୋଲକାତାରେ କେତେ ଥଣ୍ଡା ରହିବ?,or
ದೆಹಲಿನಲ್ಲಿ ಇಂದು ಚಂಡಮಾರುತದ ಸಾಧ್ಯತೆ ಇದೆಯೇ?,kn
दिल्ली मध्ये आज वारा किती वेगाने वाहेल?,mr
आज दिल्ली मध्ये छत्री घेऊन जावे का?,mr
ಇಂದು ರಾತ್ರಿ ಮುಂಬೈನಲ್ಲಿ ಎಷ್ಟು ಬಿಸಿಯಾಗಿರುತ್ತದೆ?,kn
ದೆಹಲಿನಲ್ಲಿ ಇಂದು ಆಕಾಶ ಮೋಡ ಕವಿದಿರುತ್ತದೆಯೇ?,kn
బెంగళూరులో ఈ వారం ఆకాశం మేఘావృతంగా ఉంటుందా?,te
કોલકાતામાં આ સપ્તાહના અંતે આકાશ સ્વચ્છ રહેશે?,gu
ବେଙ୍ଗାଲୁରୁରେ ଏହି ସପ୍ତାହରେ ବାହାରକୁ ଯିବାବେଳେ ଛତା ଦରକାର କି?,or
Is sunshine expected in Delhi today?,en
ਇਸ ਹਫ਼ਤੇ ਬੈਂਗਲੁਰੂ ਵਿੱਚ ਕਿੰਨੀ ਠੰਢ ਹੋਵੇਗੀ?,pa
क्या मुंबई में आज रात बारिश होने की संभावना है?,hi
આજે રાત્રે મુંબઈમાં કેટલી ઠંડી રહેશે?,gu
ચેન્નાઈમાં આવતીકાલે હવામાં ભેજ કેટલો રહેશે?,gu
కోల్‌కతాలో ఈ వారాంతంలో బయటకు వెళ్లడానికి గొడుగు అవసరమా?,te
કોલકાતામાં આ સપ્તાહના અંતે તોફાનની શક્યતા છે?,gu
இன்று இரவு மும்பைல் எவ்வளவு குளிராக இருக்கும்?,ta
ਕੋਲਕਾਤਾ ਵਿੱਚ ਇਸ ਹਫ਼ਤੇ ਦੇ ਅੰਤ ਵਿੱਚ ਹਵਾ ਦੀ ਨਮੀ ਕਿੰਨੀ ਹੋਵੇਗੀ?,pa
டெல்லில் இன்று புயல் வர வாய்ப்பு உள்ளதா?,ta
મુંબઈમાં આજે રાત્રે વરસાદની શક્યતા છે?,gu
આજે રાત્રે મુંબઈનું હવામાન કેવું રહેશે?,gu
ବେଙ୍ଗାଲୁରୁରେ ଏହି ସପ୍ତାହରେ ପବନର ବେଗ କେତେ ରହିବ?,or
এই সপ্তাহে বেঙ্গালুরু-তে কতটা ঠান্ডা থাকবে?,bn
ਮੁੰਬਈ ਵਿੱਚ ਅੱਜ ਰਾਤ ਤਾਪਮਾਨ ਕਿੰਨਾ ਰਹੇਗਾ?,pa
ଆଜି ରାତିରେ ମୁମ୍ବାଇରେ କେତେ ଗରମ ହେବ?,or
বেঙ্গালুরু-তে এই সপ্তাহে আকাশ কি মেঘলা থাকবে?,bn
ଦିଲ୍ଲୀରେ ଆଜି ଖରା ରହିବାର ସମ୍ଭାବନା ଅଛି କି?,or
ਚੇਨਈ ਵਿੱਚ ਕੱਲ੍ਹ ਮੌਸਮ ਕਿਹੋ ਜਿਹਾ ਰਹੇਗਾ?,pa
કોલકાતામાં આ સપ્તાહના અંતે આકાશ વાદળછાયું રહેશે?,gu
આજે દિલ્હીમાં કેટલી ઠંડી રહેશે?,gu
What will the temperature be in Kolkata this weekend?,en
ಬೆಂಗಳೂರುನಲ್ಲಿ ಈ ವಾರ ಚಂಡಮಾರುತದ ಸಾಧ್ಯತೆ ಇದೆಯೇ?,kn
What will the weather be like in Kolkata this weekend?,en
ఈ వారాంతంలో కోల్‌కతాలో ఎంత చల్లగా ఉంటుంది?,te
মুম্বাই-তে আজ রাতে বজ্রঝড় হবে কি?,bn
ବେଙ୍ଗାଲୁରୁରେ ଏହି ସପ୍ତାହରେ ବର୍ଷା ପାଗ ରହିବ କି?,or
ମୁମ୍ବାଇରେ ଆଜି ରାତିରେ ଆକାଶ ମେଘୁଆ ରହିବ କି?,or
କୋଲକାତାରେ ଏହି ସପ୍ତାହାନ୍ତରେ ଆର୍ଦ୍ରତା କେତେ ରହିବ?,or
Is the wind speed high in Chennai tomorrow?,en
கொல்கத்தால் இந்த வார இறுதியில் பயணம் செய்ய வானிலை எப்படி இருக்கும்?,ta
ચેન્નાઈમાં આવતીકાલે આકાશ વાદળછાયું રહેશે?,gu
மும்பைல் இன்று இரவு மழைக்கால வானிலை இருக்குமா?,ta
ಮುಂಬೈನಲ್ಲಿ ಇಂದು ರಾತ್ರಿ ಹೊರಗೆ ಹೋಗಲು ಹವಾಮಾನ ಉತ್ತಮವಾಗಿರುತ್ತದೆಯೇ?,kn
ଚେନ୍ନାଇରେ ଆସନ୍ତାକାଲି ଆର୍ଦ୍ରତା କେତେ ରହିବ?,or
क्या कोलकाता में इस सप्ताहांत हवा में नमी ज्यादा होगी?,hi
ಕೋಲ್ಕತ್ತಾನಲ್ಲಿ ಈ ವಾರಾಂತ್ಯದಲ್ಲಿ ಆಕಾಶ ಮೋಡ ಕವಿದಿರುತ್ತದೆಯೇ?,kn
କୋଲକାତାରେ ଏହି ସପ୍ତାହାନ୍ତରେ ଝଡ଼ ହେବାର ସମ୍ଭାବନା ଅଛି କି?,or
कोलकाता मध्ये या आठवड्याच्या शेवटी आर्द्रता जास्त राहील का?,mr
বেঙ্গালুরু-তে এই সপ্তাহে ভ্রমণের জন্য আবহাওয়া কেমন থাকবে?,bn
ਕੋਲਕਾਤਾ ਲਈ ਇਸ ਹਫ਼ਤੇ ਦੇ ਅੰਤ ਵਿੱਚ ਮੌਸਮ ਦੀ ਭਵਿੱਖਬਾਣੀ ਦੱਸੋ।,pa
चेन्नई में कल आसमान में बादल रहेंगे क्या?,hi
Will there be rain in Bengaluru this week?,en
আগামীকাল চেন্নাই-তে কতটা গরম পড়বে?,bn
ਕੀ ਕੋਲਕਾਤਾ ਵਿੱਚ ਇਸ ਹਫ਼ਤੇ ਦੇ ਅੰਤ ਵਿੱਚ ਆਸਮਾਨ ਸਾਫ਼ ਰਹੇਗਾ?,pa
டெல்லில் இன்று மேகங்கள் இருக்குமா?,ta
આજે રાત્રે મુંબઈમાં કેટલી ગરમી રહેશે?,gu
ଚେନ୍ନାଇରେ ଆସନ୍ତାକାଲି ବର୍ଷା ହେବାର ସମ୍ଭାବନା ଅଛି କି?,or
ਕੀ ਚੇਨਈ ਵਿੱਚ ਕੱਲ੍ਹ ਧੁੱਪ ਨਿਕਲੇਗੀ?,pa
या आठवड्यात बेंगळुरू मध्ये किती उकाडा असेल?,mr
ਚੇਨਈ ਵਿੱਚ ਕੱਲ੍ਹ ਤੂਫ਼ਾਨ ਦੀ ਸੰਭਾਵਨਾ ਹੈ?,pa
ਕੀ ਚੇਨਈ ਵਿੱਚ ਕੱਲ੍ਹ ਨਮੀ ਜ਼ਿਆਦਾ ਰਹੇਗੀ?,pa
How hot will it be in Bengaluru this week?,en
ଦିଲ୍ଲୀରେ ଆଜି ବାହାରକୁ ଯିବାବେଳେ ଛତା ଦରକାର କି?,or
दिल्ली साठी आज हवामानाचा अंदाज द्या.,mr
चेन्नई मध्ये उद्या ऊन पडेल का?,mr
ఢిల్లీలో ఈ రోజు ఉష్ణోగ్రత ఎంత ఉంటుంది?,te
ఢిల్లీలో ఈ రోజు గాలి ఎంత వేగంగా వీస్తుంది?,te
କୋଲକାତାରେ ଏହି ସପ୍ତାହାନ୍ତରେ ବାହାରକୁ ଯିବା ପାଇଁ ପାଗ ଭଲ କି?,or
आज दिल्ली में छाता लेकर जाना चाहिए क्या?,hi
ਕੀ ਦਿੱਲੀ ਵਿੱਚ ਅੱਜ ਬੱਦਲ ਰਹਿਣਗੇ?,pa
ਕੀ ਬੈਂਗਲੁਰੂ ਵਿੱਚ ਇਸ ਹਫ਼ਤੇ ਮੀਂਹ ਪੈਣ ਦੀ ਸੰਭਾਵਨਾ ਹੈ?,pa
દિલ્હીમાં આજે હવામાન કેવું છે?,gu
कोलकाता मध्ये या आठवड्याच्या शेवटी ढग राहतील का?,mr
આ સપ્તાહના અંતે કોલકાતામાં કેટલી ગરમી રહેશે?,gu
कोलकाता मध्ये या आठवड्याच्या शेवटी पावसाची अपेक्षा आहे का?,mr
ಕೋಲ್ಕತ್ತಾನಲ್ಲಿ ಈ ವಾರಾಂತ್ಯದಲ್ಲಿ ಬಿಸಿಲು ಇರುತ್ತದೆಯೇ?,kn
కోల్‌కతాలో ఈ వారాంతంలో వాతావరణం గురించి చెప్పగలరా?,te
மும்பைல் இன்று இரவு வெப்பநிலை எவ்வளவு இருக்கும்?,ta
பெங்களூருல் இந்த வாரம் வானம் தெளிவாக இருக்குமா?,ta
மும்பைல் இன்று இரவு வானம் மேகமூட்டமாக இருக்குமா?,ta
ચેન્નાઈમાં આવતીકાલે વરસાદ પડશે?,gu
ಇಂದು ದೆಹಲಿನಲ್ಲಿ ಛತ್ರಿ ತೆಗೆದುಕೊಂಡು ಹೋಗಬೇಕೇ?,kn
ମୁମ୍ବାଇରେ ଆଜି ରାତିରେ ତାପମାତ୍ରା କେତେ ରହିବ?,or
মুম্বাই-র আজ রাতে আবহাওয়ার পূর্বাভাস দিন।,bn
Will there be rain in Mumbai tonight?,en
तुम्ही मुंबई मधील आज रात्री हवामान सांगू शकता का?,mr
મુંબઈમાં આજે રાત્રે તેજ પવન ફૂંકાશે?,gu
How humid will it be in Kolkata this weekend?,en
பெங்களூருல் இந்த வாரம் மேகங்கள் இருக்குமா?,ta
बेंगळुरू मध्ये या आठवड्यात ढग राहतील का?,mr
பெங்களூருல் இந்த வாரம் வெளியே செல்ல குடை தேவையா?,ta
क्या चेन्नई में कल तेज हवाएं चलेंगी?,hi
ਕੀ ਦਿੱਲੀ ਵਿੱਚ ਅੱਜ ਆਸਮਾਨ ਬੱਦਲਾਂ ਨਾਲ ਘਿਰਿਆ ਰਹੇਗਾ?,pa
ಈ ವಾರ ಬೆಂಗಳೂರುನಲ್ಲಿ ಎಷ್ಟು ಚಳಿಯಾಗಿರುತ್ತದೆ?,kn
బెంగళూరులో ఈ వారం వాతావరణం గురించి చెప్పగలరా?,te
ਬੈਂਗਲੁਰੂ ਵਿੱਚ ਇਸ ਹਫ਼ਤੇ ਹਵਾ ਦੀ ਨਮੀ ਕਿੰਨੀ ਹੋਵੇਗੀ?,pa
કોલકાતામાં આ સપ્તાહના અંતે પવનની ઝડપ કેટલી રહેશે?,gu
चेन्नई में कल मौसम कैसा है?,hi
চেন্নাই-তে আগামীকাল তাপমাত্রা কত থাকবে?,bn
ਕੀ ਕੋਲਕਾਤਾ ਵਿੱਚ ਇਸ ਹਫ਼ਤੇ ਦੇ ਅੰਤ ਵਿੱਚ ਮੀਂਹ ਪੈਣ ਦੀ ਸੰਭਾਵਨਾ ਹੈ?,pa
Will there be rain in Kolkata this weekend?,en
ದೆಹಲಿನಲ್ಲಿ ಇಂದು ಬಲವಾದ ಗಾಳಿ ಬೀಸುತ್ತದೆಯೇ?,kn
या आठवड्याच्या शेवटी कोलकाता मध्ये किती उकाडा असेल?,mr
ਚੇਨਈ ਵਿੱਚ ਕੱਲ੍ਹ ਮੀਂਹ ਪਵੇਗਾ?,pa
দিল্লি-তে আজ কি জোরে বাতাস বইবে?,bn
Is Kolkata likely to get rain this weekend?,en
चेन्नई मध्ये उद्या आर्द्रता किती राहील?,mr
मुंबई में आज रात तापमान कितना रहेगा?,hi
क्या चेन्नई में कल हवा में नमी ज्यादा होगी?,hi
Is the weather good for travel in Chennai tomorrow?,en
ਚੇਨਈ ਵਿੱਚ ਕੱਲ੍ਹ ਹਵਾ ਦੀ ਨਮੀ ਕਿੰਨੀ ਹੋਵੇਗੀ?,pa
நாளை சென்னைல் எவ்வளவு குளிராக இருக்கும்?,ta
Is Delhi expected to be cloudy today?,en
ಮುಂಬೈನಲ್ಲಿ ಇಂದು ರಾತ್ರಿ ಮಳೆ ಬೀಳುತ್ತದೆಯೇ?,kn
દિલ્હીમાં આજે મુસાફરી માટે હવામાન કેવું રહેશે?,gu
కోల్‌కతాలో ఈ వారాంతంలో ఉష్ణోగ్రత ఎంత ఉంటుంది?,te
ಈ ವಾರ ಬೆಂಗಳೂರುನಲ್ಲಿ ಎಷ್ಟು ಬಿಸಿಯಾಗಿರುತ್ತದೆ?,kn
બેંગલુરુમાં આ અઠવાડિયે ભેજ કેટલો રહેશે?,gu
சென்னைல் நாளை மழை பெய்ய வாய்ப்பு உள்ளதா?,ta
तुम्ही दिल्ली मधील आज हवामान सांगू शकता का?,mr
मुंबई मध्ये आज रात्री आर्द्रता जास्त राहील का?,mr
ମୁମ୍ବାଇରେ ଆଜି ରାତିରେ ଆକାଶରେ ମେଘ ରହିବ କି?,or
ಚೆನ್ನೈನಲ್ಲಿ ನಾಳೆ ಬಲವಾದ ಗಾಳಿ ಬೀಸುತ್ತದೆಯೇ?,kn
ಕೋಲ್ಕತ್ತಾನಲ್ಲಿ ಈ ವಾರಾಂತ್ಯದಲ್ಲಿ ಮಳೆಯಾಗುವ ಸಾಧ್ಯತೆ ಇದೆಯೇ?,kn
ਇਸ ਹਫ਼ਤੇ ਦੇ ਅੰਤ ਵਿੱਚ ਕੋਲਕਾਤਾ ਵਿੱਚ ਕਿੰਨੀ ਠੰਢ ਹੋਵੇਗੀ?,pa
क्या कोलकाता में इस सप्ताहांत बाहर जाते समय छाता चाहिए?,hi
ಬೆಂಗಳೂರುನಲ್ಲಿ ಈ ವಾರ ಪ್ರಯಾಣಕ್ಕೆ ಹವಾಮಾನ ಹೇಗಿರುತ್ತದೆ?,kn
ଏହି ସପ୍ତାହାନ୍ତରେ କୋଲକାତାରେ କେତେ ଗରମ ହେବ?,or
दिल्ली मध्ये आज हवेतील आर्द्रता किती असेल?,mr
ବେଙ୍ଗାଲୁରୁରେ ଏହି ସପ୍ତାହରେ ବର୍ଷା ହେବ କି?,or
મુંબઈમાં આજે રાત્રે તાપમાન કેવું રહેશે?,gu
চেন্নাই-তে আগামীকাল আবহাওয়া কেমন?,bn
বেঙ্গালুরু-তে এই সপ্তাহে তাপমাত্রা কত থাকবে?,bn
ચેન્નાઈમાં આવતીકાલે તાપમાન કેવું રહેશે?,gu
चेन्नई के लिए कल मौसम का पूर्वानुमान बताइए।,hi
Is it going to rain in Bengaluru this week?,en
కోల్‌కతాలో ఈ వారాంతంలో ఆకాశం నిర్మలంగా ఉంటుందా?,te
ਬੈਂਗਲੁਰੂ ਵਿੱਚ ਇਸ ਹਫ਼ਤੇ ਤਾਪਮਾਨ ਕਿੰਨਾ ਰਹੇਗਾ?,pa
বেঙ্গালুরু-তে এই সপ্তাহে তাপমাত্রা কেমন থাকবে?,bn
କୋଲକାତାରେ ଏହି ସପ୍ତାହାନ୍ତରେ ବର୍ଷା ହେବାର ସମ୍ଭାବନା ଅଛି କି?,or
कोलकाता मध्ये या आठवड्याच्या शेवटी हवामान कसे आहे?,mr
டெல்லில் இன்று மழை பெய்யும் என்று எதிர்பார்க்கப்படுகிறதா?,ta
दिल्ली मध्ये आज जोरदार वारे वाहतील का?,mr
ਕੀ ਕੋਲਕਾਤਾ ਵਿੱਚ ਇਸ ਹਫ਼ਤੇ ਦੇ ਅੰਤ ਵਿੱਚ ਹਨੇਰੀ-ਤੂਫ਼ਾਨ ਆਵੇਗਾ?,pa
ଦିଲ୍ଲୀରେ ଆଜି ଆକାଶ ସ୍ୱଚ୍ଛ ରହିବ କି?,or
கொல்கத்தால் இந்த வார இறுதியில் மழைக்கால வானிலை இருக்குமா?,ta
क्या चेन्नई में कल मौसम बरसाती रहेगा?,hi
బెంగళూరులో ఈ వారం బలమైన గాలులు వీస్తాయా?,te
चेन्नई में कल हवा कितनी तेज चलेगी?,hi
ముంబైలో ఈ రాత్రి బయటకు వెళ్లడానికి గొడుగు అవసరమా?,te
এই সপ্তাহান্তে কলকাতা-তে ছাতা নিয়ে যাওয়া উচিত কি?,bn
ଚେନ୍ନାଇରେ ଆସନ୍ତାକାଲି ଖରା ହେବ କି?,or
ದೆಹಲಿನಲ್ಲಿ ಇಂದು ಮಳೆಯ ವಾತಾವರಣ ಇರುತ್ತದೆಯೇ?,kn
சென்னைல் நாளை புயல் வர வாய்ப்பு உள்ளதா?,ta
ଦିଲ୍ଲୀରେ ଆଜି ବର୍ଷା ହେବ କି?,or
చెన్నైలో రేపు ఆకాశం నిర్మలంగా ఉంటుందా?,te
ਮੁੰਬਈ ਵਿੱਚ ਅੱਜ ਰਾਤ ਹਵਾ ਦੀ ਨਮੀ ਕਿੰਨੀ ਹੋਵੇਗੀ?,pa
மும்பைல் இன்று இரவு வெயில் இருக்குமா?,ta
Should I carry an umbrella in Kolkata this weekend?,en
కోల్‌కతాలో ఈ వారాంతంలో వాతావరణం ఎలా ఉంటుంది?,te
मुंबई साठी आज रात्री हवामानाचा अंदाज द्या.,mr
ਬੈਂਗਲੁਰੂ ਵਿੱਚ ਇਸ ਹਫ਼ਤੇ ਹਵਾ ਕਿੰਨੀ ਤੇਜ਼ ਚੱਲੇਗੀ?,pa
ਚੇਨਈ ਲਈ ਕੱਲ੍ਹ ਮੌਸਮ ਦੀ ਭਵਿੱਖਬਾਣੀ ਦੱਸੋ।,pa
কলকাতা-তে এই সপ্তাহান্তে কি আর্দ্রতা বেশি থাকবে?,bn
মুম্বাই-তে আজ রাতে তাপমাত্রা কেমন থাকবে?,bn
ଆଜି ରାତିରେ ମୁମ୍ବାଇର ପାଗ କେମିତି ରହିବ?,or
How cold will it be in Delhi today?,en
মুম্বাই-তে আজ রাতে আর্দ্রতা কত থাকবে?,bn
ಇಂದು ದೆಹಲಿನಲ್ಲಿ ಎಷ್ಟು ಬಿಸಿಯಾಗಿರುತ್ತದೆ?,kn
బెంగళూరులో ఈ వారం తేమ ఎక్కువగా ఉంటుందా?,te
દિલ્હીમાં આજે ભેજ કેટલો રહેશે?,gu
इस सप्ताहांत कोलकाता का मौसम कैसा रहेगा?,hi
ବେଙ୍ଗାଲୁରୁରେ ଏହି ସପ୍ତାହରେ ଆର୍ଦ୍ରତା କେତେ ରହିବ?,or
சென்னைல் நாளை வெளியே செல்வதற்கு வானிலை நன்றாக இருக்குமா?,ta
दिल्ली मध्ये आज पावसाची शक्यता आहे का?,mr
కోల్‌కతాలో ఈ వారాంతంలో గాలి ఎంత వేగంగా వీస్తుంది?,te
କୋଲକାତାରେ ଏହି ସପ୍ତାହାନ୍ତରେ ପାଗ କେମିତି ରହିବ?,or
சென்னைல் நாளை ஈரப்பதம் எவ்வளவு இருக்கும்?,ta
ಕೋಲ್ಕತ್ತಾನಲ್ಲಿ ಈ ವಾರಾಂತ್ಯದಲ್ಲಿ ಹವಾಮಾನದ ಬಗ್ಗೆ ಹೇಳಬಹುದೇ?,kn
ಬೆಂಗಳೂರುನಲ್ಲಿ ಈ ವಾರ ಆಕಾಶ ನಿರ್ಮಲವಾಗಿರುತ್ತದೆಯೇ?,kn
ముంబైలో ఈ రాత్రి మేఘాలు ఉంటాయా?,te
ಕೋಲ್ಕತ್ತಾನಲ್ಲಿ ಈ ವಾರಾಂತ್ಯದಲ್ಲಿ ಬಿಸಿಲು ಇರುವ ಸಾಧ್ಯತೆ ಇದೆಯೇ?,kn
କୋଲକାତାରେ ଏହି ସପ୍ତାହାନ୍ତରେ ବର୍ଷା ପାଗ ରହିବ କି?,or
દિલ્હીમાં આજે તોફાનની શક્યતા છે?,gu
பெங்களூருக்கான இந்த வாரம் வானிலை முன்னறிவிப்பை சொல்லுங்கள்.,ta
Should I carry an umbrella in Delhi today?,en
क्या कोलकाता में इस सप्ताहांत बारिश होने की संभावना है?,hi
দিল্লি-তে আজ তাপমাত্রা কত থাকবে?,bn
আপনি কি চেন্নাই-তে আগামীকাল আবহাওয়া বলতে পারেন?,bn
દિલ્હીમાં આજે વાવાઝોડું આવશે?,gu
బెంగళూరులో ఈ వారం ఆకాశం నిర్మలంగా ఉంటుందా?,te
आज दिल्ली का मौसम कैसा रहेगा?,hi
କୋଲକାତାରେ ଏହି ସପ୍ତାହାନ୍ତରେ ବର୍ଷା ଆଶା କରାଯାଉଛି କି?,or
How windy will it be in Bengaluru this week?,en
ఢిల్లీలో ఈ రోజు తుఫాను వచ్చే అవకాశం ఉందా?,te
কলকাতা-তে এই সপ্তাহান্তে কি বৃষ্টির আবহাওয়া থাকবে?,bn
ఈ వారాంతంలో కోల్‌కతాలో గొడుగు తీసుకెళ్లాలా?,te
कोलकाता के लिए इस सप्ताहांत मौसम का पूर्वानुमान बताइए।,hi
ଚେନ୍ନାଇରେ ଆସନ୍ତାକାଲି ଆକାଶରେ ମେଘ ରହିବ କି?,or
ଆପଣ ବେଙ୍ଗାଲୁରୁରେ ଏହି ସପ୍ତାହରେ ପାଗ ବିଷୟରେ କହିପାରିବେ କି?,or
बेंगळुरू मध्ये या आठवड्यात तापमान किती राहील?,mr
मुंबई में आज रात तापमान कैसा रहेगा?,hi
ବେଙ୍ଗାଲୁରୁ ପାଇଁ ଏହି ସପ୍ତାହରେ ପାଗର ପୂର୍ବାନୁମାନ ଦିଅନ୍ତୁ।,or
ದೆಹಲಿನಲ್ಲಿ ಇಂದು ಮಳೆಯಾಗುವ ನಿರೀಕ್ಷೆಯಿದೆಯೇ?,kn
கொல்கத்தால் இந்த வார இறுதியில் காற்று எவ்வளவு வேகமாக வீசும்?,ta
दिल्ली में आज आसमान में बादल रहेंगे क्या?,hi
બેંગલુરુમાં આ અઠવાડિયે પવનની ઝડપ કેટલી રહેશે?,gu
મુંબઈમાં આજે રાત્રે વાદળો રહેશે?,gu
আপনি কি দিল্লি-তে আজ আবহাওয়া বলতে পারেন?,bn
મુંબઈમાં આજે રાત્રે તડકો રહેવાની શક્યતા છે?,gu
ಮುಂಬೈನಲ್ಲಿ ಇಂದು ರಾತ್ರಿ ಮಳೆಯಾಗುವ ಸಾಧ್ಯತೆ ಇದೆಯೇ?,kn
কলকাতা-তে এই সপ্তাহান্তে কি আকাশে মেঘ থাকবে?,bn
મુંબઈમાં આજે રાત્રે વરસાદ પડશે?,gu
মুম্বাই-তে আজ রাতে তাপমাত্রা কত থাকবে?,bn
ମୁମ୍ବାଇରେ ଆଜି ରାତିରେ ବର୍ଷା ପାଗ ରହିବ କି?,or
মুম্বাই-তে আজ রাতে বৃষ্টি হবে কি?,bn
ದೆಹಲಿನಲ್ಲಿ ಇಂದು ಬಿಸಿಲು ಇರುತ್ತದೆಯೇ?,kn
Mumbai weather tonight?,en
Will it be humid in Bengaluru this week?,en
ਬੈਂਗਲੁਰੂ ਵਿੱਚ ਇਸ ਹਫ਼ਤੇ ਮੀਂਹ ਪਵੇਗਾ?,pa
சென்னைல் நாளை வானிலை எப்படி இருக்கும்?,ta
ఢిల్లీలో ఈ రోజు వాతావరణం ఎలా ఉంది?,te
মুম্বাই-তে আজ রাতে রোদ থাকার সম্ভাবনা আছে কি?,bn
ਕੀ ਮੁੰਬਈ ਵਿੱਚ ਅੱਜ ਰਾਤ ਧੁੱਪ ਨਿਕਲੇਗੀ?,pa
ଚେନ୍ନାଇରେ ଆସନ୍ତାକାଲି ବର୍ଷା ହେବ କି?,or
दिल्ली मध्ये आज आर्द्रता किती राहील?,mr
ಬೆಂಗಳೂರುನಲ್ಲಿ ಈ ವಾರ ಮಳೆಯ ವಾತಾವರಣ ಇರುತ್ತದೆಯೇ?,kn
ఢిల్లీలో ఈ రోజు ఆకాశం నిర్మలంగా ఉంటుందా?,te
கொல்கத்தால் இந்த வார இறுதியில் மழை பெய்யும் என்று எதிர்பார்க்கப்படுகிறதா?,ta
ಮುಂಬೈಗಾಗಿ ಇಂದು ರಾತ್ರಿ ಹವಾಮಾನ ಮುನ್ಸೂಚನೆ ನೀಡಿ.,kn
ಬೆಂಗಳೂರುನಲ್ಲಿ ಈ ವಾರ ಮಳೆಯಾಗುವ ಸಾಧ್ಯತೆ ಇದೆಯೇ?,kn
क्या बेंगलुरु में इस सप्ताह तेज हवाएं चलेंगी?,hi
கொல்கத்தால் இந்த வார இறுதியில் ஈரப்பதம் அதிகமாக இருக்குமா?,ta
મુંબઈમાં આજે રાત્રે તડકો રહેશે?,gu
ਬੈਂਗਲੁਰੂ ਵਿੱਚ ਇਸ ਹਫ਼ਤੇ ਨਮੀ ਕਿੰਨੀ ਰਹੇਗੀ?,pa
બેંગલુરુમાં આ અઠવાડિયે વાદળો રહેશે?,gu
କୋଲକାତାରେ ଏହି ସପ୍ତାହାନ୍ତରେ ଖରା ରହିବାର ସମ୍ଭାବନା ଅଛି କି?,or
కోల్‌కతా కోసం ఈ వారాంతంలో వాతావరణ అంచనాను చెప్పండి.,te
ನಾಳೆ ಚೆನ್ನೈನಲ್ಲಿ ಎಷ್ಟು ಬಿಸಿಯಾಗಿರುತ್ತದೆ?,kn
ଆସନ୍ତାକାଲି ଚେନ୍ନାଇରେ କେତେ ଥଣ୍ଡା ରହିବ?,or
चेन्नई मध्ये उद्या वादळ येईल का?,mr
ਅੱਜ ਦਿੱਲੀ ਵਿੱਚ ਛਤਰੀ ਲੈ ਕੇ ਜਾਣੀ ਚਾਹੀਦੀ ਹੈ?,pa
আগামীকাল চেন্নাই-র আবহাওয়া কেমন থাকবে?,bn
ବେଙ୍ଗାଲୁରୁରେ ଏହି ସପ୍ତାହରେ ଝଡ଼ ହେବାର ସମ୍ଭାବନା ଅଛି କି?,or
কলকাতা-তে এই সপ্তাহান্তে আবহাওয়া কেমন?,bn
ਕੀ ਕੋਲਕਾਤਾ ਵਿੱਚ ਇਸ ਹਫ਼ਤੇ ਦੇ ਅੰਤ ਵਿੱਚ ਬੱਦਲ ਰਹਿਣਗੇ?,pa
आज रात्री मुंबई मध्ये छत्री घेऊन जावे का?,mr
મુંબઈમાં આજે રાત્રે તાપમાન કેટલું રહેશે?,gu
ਚੇਨਈ ਵਿੱਚ ਕੱਲ੍ਹ ਹਵਾ ਕਿੰਨੀ ਤੇਜ਼ ਚੱਲੇਗੀ?,pa
બેંગલુરુમાં આ અઠવાડિયે તોફાનની શક્યતા છે?,gu
कोलकाता में इस सप्ताहांत तापमान कैसा रहेगा?,hi
చెన్నైలో రేపు వర్షం పడే అవకాశం ఉందా?,te
મુંબઈમાં આજે રાત્રે ભેજ કેટલો રહેશે?,gu
चेन्नई में कल तापमान कैसा रहेगा?,hi
बेंगळुरू मध्ये या आठवड्यात पाऊस पडेल का?,mr
ಮುಂಬೈನಲ್ಲಿ ಇಂದು ರಾತ್ರಿ ಗುಡುಗು ಸಹಿತ ಮಳೆಯಾಗುತ್ತದೆಯೇ?,kn
क्या बेंगलुरु में इस सप्ताह मौसम बरसाती रहेगा?,hi
కోల్‌కతాలో ఈ వారాంతంలో వాతావరణం ఎలా ఉంది?,te
What will the temperature be in Chennai tomorrow?,en
బెంగళూరులో ఈ వారం తుఫాను వచ్చే అవకాశం ఉందా?,te
क्या कोलकाता में इस सप्ताहांत मौसम बरसाती रहेगा?,hi
এই সপ্তাহান্তে কলকাতা-তে কতটা ঠান্ডা থাকবে?,bn
चेन्नई में कल तूफान आने की संभावना है क्या?,hi
What will the temperature be in Delhi today?,en
बेंगळुरू मध्ये या आठवड्यात हवामान कसे आहे?,mr
चेन्नई मध्ये उद्या वारा किती वेगाने वाहेल?,mr
ಕೋಲ್ಕತ್ತಾನಲ್ಲಿ ಈ ವಾರಾಂತ್ಯದಲ್ಲಿ ಆಕಾಶ ನಿರ್ಮಲವಾಗಿರುತ್ತದೆಯೇ?,kn
ದೆಹಲಿಗಾಗಿ ಇಂದು ಹವಾಮಾನ ಮುನ್ಸೂಚನೆ ನೀಡಿ.,kn
दिल्ली मध्ये आज पावसाची अपेक्षा आहे का?,mr
ચેન્નાઈમાં આવતીકાલે વાદળો રહેશે?,gu
कोलकाता में इस सप्ताहांत आसमान में बादल रहेंगे क्या?,hi
आज रात्री मुंबई मधील हवामान कसे राहील?,mr
ચેન્નાઈમાં આવતીકાલે હવામાન કેવું રહેશે?,gu
आज दिल्ली मध्ये किती थंडी असेल?,mr
ಮುಂಬೈನಲ್ಲಿ ಇಂದು ರಾತ್ರಿ ಗಾಳಿಯ ವೇಗ ಎಷ್ಟು ಇರುತ್ತದೆ?,kn
बेंगलुरु में इस सप्ताह हवा कितनी तेज चलेगी?,hi
What will the temperature be in Mumbai tonight?,en
Will strong winds affect Delhi today?,en
ఢిల్లీలో ఈ రోజు గాలిలో తేమ ఎంత ఉంటుంది?,te
मुंबई मध्ये आज रात्री ढग राहतील का?,mr
ಬೆಂಗಳೂರುನಲ್ಲಿ ಈ ವಾರ ಹೊರಗೆ ಹೋಗಲು ಹವಾಮಾನ ಉತ್ತಮವಾಗಿರುತ್ತದೆಯೇ?,kn
দিল্লি-তে আজ কি আকাশে মেঘ থাকবে?,bn
ଦିଲ୍ଲୀରେ ଆଜି ଆକାଶରେ ମେଘ ରହିବ କି?,or
ਕੋਲਕਾਤਾ ਵਿੱਚ ਇਸ ਹਫ਼ਤੇ ਦੇ ਅੰਤ ਵਿੱਚ ਤਾਪਮਾਨ ਕਿਹੋ ਜਿਹਾ ਰਹੇਗਾ?,pa
ମୁମ୍ବାଇରେ ଆଜି ରାତିରେ ଜୋର ପବନ ବହିବ କି?,or
মুম্বাই-তে আজ রাতে কি আর্দ্রতা বেশি থাকবে?,bn
ಕೋಲ್ಕತ್ತಾನಲ್ಲಿ ಈ ವಾರಾಂತ್ಯದಲ್ಲಿ ಹವಾಮಾನ ಹೇಗಿರುತ್ತದೆ?,kn
Will it be sunny in Bengaluru this week?,en
મુંબઈમાં આજે રાત્રે હવામાં ભેજ કેટલો રહેશે?,gu
મુંબઈમાં આજે રાત્રે હવામાન કેવું રહેશે?,gu
क्या मुंबई में आज रात तेज हवाएं चलेंगी?,hi
મુંબઈમાં આજે રાત્રે બહાર જવા માટે છત્રી જોઈએ?,gu
ચેન્નાઈ માટે આવતીકાલે હવામાનની આગાહી આપો.,gu
ચેન્નાઈમાં આવતીકાલે આકાશ સ્વચ્છ રહેશે?,gu
ਕੀ ਦਿੱਲੀ ਵਿੱਚ ਅੱਜ ਬਾਹਰ ਜਾਣ ਲਈ ਮੌਸਮ ਚੰਗਾ ਹੈ?,pa
মুম্বাই-তে আজ রাতে আবহাওয়া কেমন থাকবে?,bn
क्या कोलकाता में इस सप्ताहांत तेज हवाएं चलेंगी?,hi
சென்னைல் நாளை மழைக்கால வானிலை இருக்குமா?,ta
ਕੀ ਚੇਨਈ ਵਿੱਚ ਕੱਲ੍ਹ ਬਾਹਰ ਜਾਣ ਲਈ ਛਤਰੀ ਚਾਹੀਦੀ ਹੈ?,pa
ଦିଲ୍ଲୀରେ ଆଜି ଆର୍ଦ୍ରତା କେତେ ରହିବ?,or
ਕੱਲ੍ਹ ਚੇਨਈ ਦਾ ਮੌਸਮ ਕਿਹੋ ਜਿਹਾ ਰਹੇਗਾ?,pa
बेंगळुरू मध्ये या आठवड्यात ऊन पडेल का?,mr
ଏହି ସପ୍ତାହରେ ବେଙ୍ଗାଲୁରୁରେ ଛତା ନେଇଯିବା ଉଚିତ କି?,or
ଚେନ୍ନାଇରେ ଆସନ୍ତାକାଲି ବାହାରକୁ ଯିବା ପାଇଁ ପାଗ ଭଲ କି?,or
कोलकाता मध्ये या आठवड्याच्या शेवटी वाऱ्याचा वेग किती राहील?,mr
দিল্লি-তে আজ বাইরে গেলে কি ছাতা লাগবে?,bn
ଦିଲ୍ଲୀରେ ଆଜି ତାପମାତ୍ରା କେମିତି ରହିବ?,or
ଦିଲ୍ଲୀରେ ଆଜି ଖରା ହେବ କି?,or
ಮುಂಬೈನಲ್ಲಿ ಇಂದು ರಾತ್ರಿ ತಾಪಮಾನ ಎಷ್ಟು ಇರುತ್ತದೆ?,kn
చెన్నైలో రేపు ఉష్ణోగ్రత ఎంత ఉంటుంది?,te
చెన్నైలో రేపు బలమైన గాలులు వీస్తాయా?,te
કોલકાતામાં આ સપ્તાહના અંતે તડકો રહેવાની શક્યતા છે?,gu
બેંગલુરુમાં આ અઠવાડિયે આકાશ સ્વચ્છ રહેશે?,gu
ਚੇਨਈ ਵਿੱਚ ਕੱਲ੍ਹ ਮੀਂਹ ਦੀ ਉਮੀਦ ਹੈ?,pa
இந்த வாரம் பெங்களூருல் குடை எடுத்துச் செல்ல வேண்டுமா?,ta
આ સપ્તાહના અંતે કોલકાતાનું હવામાન કેવું રહેશે?,gu
ಬೆಂಗಳೂರುನಲ್ಲಿ ಈ ವಾರ ತೇವಾಂಶ ಎಷ್ಟು ಇರುತ್ತದೆ?,kn
Will it be sunny in Mumbai tonight?,en
इस सप्ताह बेंगलुरु में कितनी गर्मी होगी?,hi
What is the temperature in Delhi today?,en
କୋଲକାତାରେ ଏହି ସପ୍ତାହାନ୍ତରେ ଆକାଶ ସ୍ୱଚ୍ଛ ରହିବ କି?,or
ಬೆಂಗಳೂರುನಲ್ಲಿ ಈ ವಾರ ಗಾಳಿಯ ವೇಗ ಎಷ್ಟು ಇರುತ್ತದೆ?,kn
दिल्ली मध्ये आज आकाश ढगाळ राहील का?,mr
બેંગલુરુમાં આ અઠવાડિયે હવામાં ભેજ કેટલો રહેશે?,gu
చెన్నైలో రేపు వర్షం పడుతుందా?,te
చెన్నైలో రేపు ప్రయాణానికి వాతావరణం ఎలా ఉంటుంది?,te
ଆସନ୍ତାକାଲି ଚେନ୍ନାଇରେ କେତେ ଗରମ ହେବ?,or
ਕੀ ਮੁੰਬਈ ਵਿੱਚ ਅੱਜ ਰਾਤ ਆਸਮਾਨ ਸਾਫ਼ ਰਹੇਗਾ?,pa
ముంబైలో ఈ రాత్రి ఉష్ణోగ్రత ఎలా ఉంటుంది?,te
બેંગલુરુમાં આ અઠવાડિયે બહાર જવા માટે હવામાન સારું છે?,gu
ବେଙ୍ଗାଲୁରୁରେ ଏହି ସପ୍ତାହରେ ଜୋର ପବନ ବହିବ କି?,or
ಚೆನ್ನೈನಲ್ಲಿ ನಾಳೆ ಬಿಸಿಲು ಇರುತ್ತದೆಯೇ?,kn
কলকাতা-তে এই সপ্তাহান্তে বাতাসে আর্দ্রতা কত থাকবে?,bn
আপনি কি কলকাতা-তে এই সপ্তাহান্তে আবহাওয়া বলতে পারেন?,bn
ಚೆನ್ನೈನಲ್ಲಿ ನಾಳೆ ಗಾಳಿಯ ವೇಗ ಎಷ್ಟು ಇರುತ್ತದೆ?,kn
আপনি কি মুম্বাই-তে আজ রাতে আবহাওয়া বলতে পারেন?,bn
ਕੀ ਬੈਂਗਲੁਰੂ ਵਿੱਚ ਇਸ ਹਫ਼ਤੇ ਧੁੱਪ ਨਿਕਲੇਗੀ?,pa
ಚೆನ್ನೈನಲ್ಲಿ ನಾಳೆ ಮಳೆ ಬೀಳುತ್ತದೆಯೇ?,kn
दिल्ली में आज बारिश होगी क्या?,hi
दिल्ली में आज नमी कितनी रहेगी?,hi
કોલકાતામાં આ સપ્તાહના અંતે વરસાદની આગાહી છે?,gu
Will Chennai be rainy tomorrow?,en
ಚೆನ್ನೈನಲ್ಲಿ ನಾಳೆ ಹೊರಗೆ ಹೋಗಲು ಹವಾಮಾನ ಉತ್ತಮವಾಗಿರುತ್ತದೆಯೇ?,kn
ଚେନ୍ନାଇରେ ଆସନ୍ତାକାଲି ଜୋର ପବନ ବହିବ କି?,or
ದೆಹಲಿನಲ್ಲಿ ಇಂದು ಆಕಾಶ ನಿರ್ಮಲವಾಗಿರುತ್ತದೆಯೇ?,kn
क्या मुंबई में आज रात हवा में नमी ज्यादा होगी?,hi
କୋଲକାତାରେ ଏହି ସପ୍ତାହାନ୍ତରେ ବାୟୁର ଆର୍ଦ୍ରତା କେତେ ରହିବ?,or
দিল্লি-তে আজ বাইরে যাওয়ার জন্য আবহাওয়া ভালো কি?,bn
এই সপ্তাহে বেঙ্গালুরু-তে কতটা গরম পড়বে?,bn
ಕೋಲ್ಕತ್ತಾನಲ್ಲಿ ಈ ವಾರಾಂತ್ಯದಲ್ಲಿ ತಾಪಮಾನ ಎಷ್ಟು ಇರುತ್ತದೆ?,kn
বেঙ্গালুরু-তে এই সপ্তাহে বৃষ্টি হবে কি?,bn
बेंगलुरु में इस सप्ताह आसमान में बादल रहेंगे क्या?,hi
బెంగళూరులో ఈ వారం ఉష్ణోగ్రత ఎంత ఉంటుంది?,te
बेंगळुरू मध्ये या आठवड्यात पावसाळी हवामान राहील का?,mr
ఢిల్లీలో ఈ రోజు ఉష్ణోగ్రత ఎలా ఉంటుంది?,te
மும்பைல் இன்று இரவு காற்றின் ஈரப்பதம் எவ்வளவு இருக்கும்?,ta
ମୁମ୍ବାଇରେ ଆଜି ରାତିରେ ପାଗ କେମିତି ରହିବ?,or
क्या कोलकाता में इस सप्ताहांत धूप निकलेगी?,hi
ಇಂದು ರಾತ್ರಿ ಮುಂಬೈನಲ್ಲಿ ಛತ್ರಿ ತೆಗೆದುಕೊಂಡು ಹೋಗಬೇಕೇ?,kn
சென்னைல் நாளை வானம் தெளிவாக இருக்குமா?,ta
டெல்லில் இன்று வெயில் இருக்கும் வாய்ப்பு உள்ளதா?,ta
મુંબઈમાં આજે રાત્રે વાવાઝોડું આવશે?,gu
Is the wind speed high in Kolkata this weekend?,en
क्या दिल्ली में आज तेज हवाएं चलेंगी?,hi
ಕೋಲ್ಕತ್ತಾನಲ್ಲಿ ಈ ವಾರಾಂತ್ಯದಲ್ಲಿ ಮಳೆಯಾಗುವ ನಿರೀಕ್ಷೆಯಿದೆಯೇ?,kn
আগামীকাল চেন্নাই-তে কতটা ঠান্ডা থাকবে?,bn
આવતીકાલે ચેન્નાઈમાં કેટલી ઠંડી રહેશે?,gu
मुंबई मध्ये आज रात्री वारा किती वेगाने वाहेल?,mr
क्या मुंबई में आज रात मौसम साफ रहेगा?,hi
ఈ వారం బెంగళూరులో వాతావరణం ఎలా ఉంటుంది?,te
சென்னைல் நாளை வெயில் இருக்குமா?,ta
மும்பைல் இன்று இரவு வானிலை எப்படி இருக்கும்?,ta
কলকাতা-তে এই সপ্তাহান্তে আকাশ কি মেঘলা থাকবে?,bn
ಮುಂಬೈನಲ್ಲಿ ಇಂದು ರಾತ್ರಿ ಬಿಸಿಲು ಇರುವ ಸಾಧ್ಯತೆ ಇದೆಯೇ?,kn
दिल्ली मध्ये आज ऊन पडेल का?,mr
দিল্লি-তে আজ রোদ থাকার সম্ভাবনা আছে কি?,bn
કોલકાતામાં આ સપ્તાહના અંતે હવામાં ભેજ કેટલો રહેશે?,gu
நாளை சென்னைல் வானிலை எப்படி இருக்கும்?,ta
Will strong winds affect Bengaluru this week?,en
Will it be sunny in Kolkata this weekend?,en
Is it going to rain in Delhi today?,en
ఢిల్లీలో ఈ రోజు ప్రయాణానికి వాతావరణం ఎలా ఉంటుంది?,te
क्या बेंगलुरु में इस सप्ताह मौसम साफ रहेगा?,hi
কলকাতা-তে এই সপ্তাহান্তে আবহাওয়া কেমন থাকবে?,bn
ମୁମ୍ବାଇରେ ଆଜି ରାତିରେ ଖରା ହେବ କି?,or
દિલ્હીમાં આજે વરસાદી હવામાન રહેશે?,gu
ఢిల్లీలో ఈ రోజు బలమైన గాలులు వీస్తాయా?,te
এই সপ্তাহে বেঙ্গালুরু-তে ছাতা নিয়ে যাওয়া উচিত কি?,bn
चेन्नई में कल बारिश की उम्मीद है क्या?,hi
ਇਸ ਹਫ਼ਤੇ ਦੇ ਅੰਤ ਵਿੱਚ ਕੋਲਕਾਤਾ ਦਾ ਮੌਸਮ ਕਿਹੋ ਜਿਹਾ ਰਹੇਗਾ?,pa
क्या कोलकाता में इस सप्ताहांत बाहर जाने के लिए मौसम अच्छा है?,hi
மும்பைல் இன்று இரவு ஈரப்பதம் எவ்வளவு இருக்கும்?,ta
क्या बेंगलुरु में इस सप्ताह बाहर जाने के लिए मौसम अच्छा है?,hi
చెన్నైలో రేపు ఉష్ణోగ్రత ఎలా ఉంటుంది?,te
Give me the weather forecast for Mumbai tonight.,en
ಈ ವಾರ ಬೆಂಗಳೂರುನಲ್ಲಿ ಹವಾಮಾನ ಹೇಗಿರುತ್ತದೆ?,kn
బెంగళూరులో ఈ వారం ఎండగా ఉంటుందా?,te
ಚೆನ್ನೈನಲ್ಲಿ ನಾಳೆ ಮಳೆಯ ವಾತಾವರಣ ಇರುತ್ತದೆಯೇ?,kn
Do I need an umbrella in Bengaluru this week?,en
ఢిల్లీలో ఈ రోజు వర్షపు వాతావరణం ఉంటుందా?,te
கொல்கத்தாக்கான இந்த வார இறுதியில் வானிலை முன்னறிவிப்பை சொல்லுங்கள்.,ta
ದೆಹಲಿನಲ್ಲಿ ಇಂದು ಹೊರಗೆ ಹೋಗಲು ಹವಾಮಾನ ಉತ್ತಮವಾಗಿರುತ್ತದೆಯೇ?,kn
చెన్నైలో రేపు తుఫాను వచ్చే అవకాశం ఉందా?,te
মুম্বাই-তে আজ রাতে আকাশ কি মেঘলা থাকবে?,bn
ಚೆನ್ನೈನಲ್ಲಿ ನಾಳೆ ಮಳೆಯಾಗುವ ನಿರೀಕ್ಷೆಯಿದೆಯೇ?,kn
ਇਸ ਹਫ਼ਤੇ ਦੇ ਅੰਤ ਵਿੱਚ ਕੋਲਕਾਤਾ ਵਿੱਚ ਕਿੰਨੀ ਗਰਮੀ ਹੋਵੇਗੀ?,pa
મુંબઈમાં આજે રાત્રે પવનની ઝડપ કેટલી રહેશે?,gu
દિલ્હીમાં આજે વાદળો રહેશે?,gu
दिल्ली मध्ये आज आकाश स्वच्छ राहील का?,mr
କୋଲକାତାରେ ଏହି ସପ୍ତାହାନ୍ତରେ ଆକାଶରେ ମେଘ ରହିବ କି?,or
શું તમે દિલ્હીમાં આજે હવામાન વિશે કહી શકો છો?,gu
ਅੱਜ ਦਿੱਲੀ ਦਾ ਮੌਸਮ ਕਿਹੋ ਜਿਹਾ ਰਹੇਗਾ?,pa
ମୁମ୍ବାଇରେ ଆଜି ରାତିରେ ଆର୍ଦ୍ରତା କେତେ ରହିବ?,or
కోల్‌కతాలో ఈ వారాంతంలో ప్రయాణానికి వాతావరణం ఎలా ఉంటుంది?,te
ਕੀ ਬੈਂਗਲੁਰੂ ਵਿੱਚ ਇਸ ਹਫ਼ਤੇ ਬਾਹਰ ਜਾਣ ਲਈ ਛਤਰੀ ਚਾਹੀਦੀ ਹੈ?,pa
ಚೆನ್ನೈನಲ್ಲಿ ನಾಳೆ ತೇವಾಂಶ ಹೆಚ್ಚಾಗಿರುತ್ತದೆಯೇ?,kn
ଦିଲ୍ଲୀରେ ଆଜି ଆକାଶ ମେଘୁଆ ରହିବ କି?,or
ଏହି ସପ୍ତାହାନ୍ତରେ କୋଲକାତାର ପାଗ କେମିତି ରହିବ?,or
பெங்களூருல் இந்த வாரம் வெயில் இருக்குமா?,ta
ఈ రోజు ఢిల్లీలో వాతావరణం ఎలా ఉంటుంది?,te
क्या चेन्नई में कल आंधी-तूफान आएगा?,hi
ಕೋಲ್ಕತ್ತಾಗಾಗಿ ಈ ವಾರಾಂತ್ಯದಲ್ಲಿ ಹವಾಮಾನ ಮುನ್ಸೂಚನೆ ನೀಡಿ.,kn
ਬੈਂਗਲੁਰੂ ਵਿੱਚ ਇਸ ਹਫ਼ਤੇ ਤੂਫ਼ਾਨ ਦੀ ਸੰਭਾਵਨਾ ਹੈ?,pa
How windy will it be in Mumbai tonight?,en
பெங்களூருல் இந்த வாரம் பயணம் செய்ய வானிலை எப்படி இருக்கும்?,ta
Give me the weather forecast for Delhi today.,en
কলকাতা-তে এই সপ্তাহান্তে তাপমাত্রা কেমন থাকবে?,bn
Is Chennai weather suitable for going outside tomorrow?,en
ದೆಹಲಿನಲ್ಲಿ ಇಂದು ತಾಪಮಾನ ಹೇಗಿರುತ್ತದೆ?,kn
बेंगळुरू मध्ये या आठवड्यात आकाश ढगाळ राहील का?,mr
ದೆಹಲಿನಲ್ಲಿ ಇಂದು ಹವಾಮಾನ ಹೇಗಿದೆ?,kn
What will the temperature be in Bengaluru this week?,en
ଚେନ୍ନାଇରେ ଆସନ୍ତାକାଲି ପାଗ କେମିତି ଅଛି?,or
क्या बेंगलुरु में इस सप्ताह बादल छाए रहेंगे?,hi
டெல்லில் இன்று வானிலை எப்படி இருக்கிறது?,ta
ನಾಳೆ ಚೆನ್ನೈನಲ್ಲಿ ಹವಾಮಾನ ಹೇಗಿರುತ್ತದೆ?,kn
ਦਿੱਲੀ ਵਿੱਚ ਅੱਜ ਨਮੀ ਕਿੰਨੀ ਰਹੇਗੀ?,pa
ಚೆನ್ನೈನಲ್ಲಿ ನಾಳೆ ಹವಾಮಾನ ಹೇಗಿದೆ?,kn
तुम्ही चेन्नई मधील उद्या हवामान सांगू शकता का?,mr
ચેન્નાઈમાં આવતીકાલે બહાર જવા માટે છત્રી જોઈએ?,gu
कोलकाता में इस सप्ताहांत आर्द्रता कितनी होगी?,hi
চেন্নাই-তে আগামীকাল আকাশ কি মেঘলা থাকবে?,bn
दिल्ली में आज हवा की गति कितनी रहेगी?,hi
ముంబైలో ఈ రాత్రి గాలిలో తేమ ఎంత ఉంటుంది?,te
मुंबई में आज रात आर्द्रता कितनी होगी?,hi
କୋଲକାତାରେ ଏହି ସପ୍ତାହାନ୍ତରେ ପବନ କେତେ ଜୋରରେ ବହିବ?,or
ମୁମ୍ବାଇରେ ଆଜି ରାତିରେ ବର୍ଷା ଆଶା କରାଯାଉଛି କି?,or
What is the temperature in Kolkata this weekend?,en
क्या दिल्ली में आज मौसम बरसाती रहेगा?,hi
Will strong winds affect Chennai tomorrow?,en
ਕੀ ਚੇਨਈ ਵਿੱਚ ਕੱਲ੍ਹ ਬੱਦਲ ਰਹਿਣਗੇ?,pa
ಮುಂಬೈನಲ್ಲಿ ಇಂದು ರಾತ್ರಿ ತಾಪಮಾನ ಹೇಗಿರುತ್ತದೆ?,kn
চেন্নাই-তে আগামীকাল বাতাসে আর্দ্রতা কত থাকবে?,bn
ముంబైలో ఈ రాత్రి ఆకాశం మేఘావృతంగా ఉంటుందా?,te
Is Bengaluru expected to be cloudy this week?,en
டெல்லில் இன்று வெளியே செல்வதற்கு வானிலை நன்றாக இருக்குமா?,ta
பெங்களூருல் இந்த வாரம் வானிலை எப்படி இருக்கும்?,ta
દિલ્હી માટે આજે હવામાનની આગાહી આપો.,gu
চেন্নাই-তে আগামীকাল রোদ থাকার সম্ভাবনা আছে কি?,bn
Is a storm expected in Delhi today?,en
દિલ્હીમાં આજે તાપમાન કેટલું રહેશે?,gu
కోల్‌కతాలో ఈ వారాంతంలో బలమైన గాలులు వీస్తాయా?,te
બેંગલુરુમાં આ અઠવાડિયે તેજ પવન ફૂંકાશે?,gu
கொல்கத்தால் இந்த வார இறுதியில் வெயில் இருக்குமா?,ta
ಕೋಲ್ಕತ್ತಾನಲ್ಲಿ ಈ ವಾರಾಂತ್ಯದಲ್ಲಿ ಮಳೆ ಬೀಳುತ್ತದೆಯೇ?,kn
दिल्ली मध्ये आज प्रवासासाठी हवामान कसे राहील?,mr
ਕੋਲਕਾਤਾ ਵਿੱਚ ਇਸ ਹਫ਼ਤੇ ਦੇ ਅੰਤ ਵਿੱਚ ਤਾਪਮਾਨ ਕਿੰਨਾ ਰਹੇਗਾ?,pa
ಚೆನ್ನೈನಲ್ಲಿ ನಾಳೆ ಚಂಡಮಾರುತದ ಸಾಧ್ಯತೆ ಇದೆಯೇ?,kn
બેંગલુરુ માટે આ અઠવાડિયે હવામાનની આગાહી આપો.,gu
பெங்களூருல் இந்த வாரம் வெப்பநிலை எவ்வளவு இருக்கும்?,ta
Is it going to rain in Chennai tomorrow?,en
চেন্নাই-তে আগামীকাল কি আকাশে মেঘ থাকবে?,bn
ಚೆನ್ನೈನಲ್ಲಿ ನಾಳೆ ಗಾಳಿಯ ತೇವಾಂಶ ಎಷ್ಟು ಇರುತ್ತದೆ?,kn
What is the temperature in Mumbai tonight?,en
బెంగళూరులో ఈ వారం ఉష్ణోగ్రత ఎలా ఉంటుంది?,te
Is Mumbai likely to get rain tonight?,en
சென்னைல் நாளை வானிலை பற்றி சொல்ல முடியுமா?,ta
Will it be humid in Delhi today?,en
ಬೆಂಗಳೂರುನಲ್ಲಿ ಈ ವಾರ ಗಾಳಿಯ ತೇವಾಂಶ ಎಷ್ಟು ಇರುತ್ತದೆ?,kn
பெங்களூருல் இந்த வாரம் ஈரப்பதம் அதிகமாக இருக்குமா?,ta
बेंगळुरू मध्ये या आठवड्यात हवामान कसे राहील?,mr
ಚೆನ್ನೈನಲ್ಲಿ ನಾಳೆ ಆಕಾಶ ನಿರ್ಮಲವಾಗಿರುತ್ತದೆಯೇ?,kn
দিল্লি-তে আজ আর্দ্রতা কত থাকবে?,bn
மும்பைக்கான இன்று இரவு வானிலை முன்னறிவிப்பை சொல்லுங்கள்.,ta
ಬೆಂಗಳೂರುನಲ್ಲಿ ಈ ವಾರ ಬಲವಾದ ಗಾಳಿ ಬೀಸುತ್ತದೆಯೇ?,kn
Is Bengaluru weather suitable for going outside this week?,en
Will there be thunderstorms in Kolkata this weekend?,en
ਕੋਲਕਾਤਾ ਵਿੱਚ ਇਸ ਹਫ਼ਤੇ ਦੇ ਅੰਤ ਵਿੱਚ ਹਵਾ ਦੀ ਰਫ਼ਤਾਰ ਕਿੰਨੀ ਰਹੇਗੀ?,pa
Do I need an umbrella in Mumbai tonight?,en
కోల్‌కతాలో ఈ వారాంతంలో వర్షపు వాతావరణం ఉంటుందా?,te
ବେଙ୍ଗାଲୁରୁରେ ଏହି ସପ୍ତାହରେ ବାହାରକୁ ଯିବା ପାଇଁ ପାଗ ଭଲ କି?,or
ਮੁੰਬਈ ਵਿੱਚ ਅੱਜ ਰਾਤ ਨਮੀ ਕਿੰਨੀ ਰਹੇਗੀ?,pa
Give me the weather forecast for Kolkata this weekend.,en
দিল্লি-তে আজ আবহাওয়া কেমন থাকবে?,bn
আগামীকাল চেন্নাই-তে ছাতা নিয়ে যাওয়া উচিত কি?,bn
ਮੁੰਬਈ ਵਿੱਚ ਅੱਜ ਰਾਤ ਹਵਾ ਦੀ ਰਫ਼ਤਾਰ ਕਿੰਨੀ ਰਹੇਗੀ?,pa
ಕೋಲ್ಕತ್ತಾನಲ್ಲಿ ಈ ವಾರಾಂತ್ಯದಲ್ಲಿ ಗುಡುಗು ಸಹಿತ ಮಳೆಯಾಗುತ್ತದೆಯೇ?,kn
आज दिल्ली मध्ये किती उकाडा असेल?,mr
டெல்லில் இன்று காற்று எவ்வளவு வேகமாக வீசும்?,ta
బెంగళూరులో ఈ వారం వర్షం పడుతుందా?,te
ಬೆಂಗಳೂರುನಲ್ಲಿ ಈ ವಾರ ಮಳೆಯಾಗುವ ನಿರೀಕ್ಷೆಯಿದೆಯೇ?,kn
बेंगलुरु में इस सप्ताह बारिश की उम्मीद है क्या?,hi
কলকাতা-তে এই সপ্তাহান্তে রোদ উঠবে কি?,bn
कोलकाता मध्ये या आठवड्याच्या शेवटी आकाश ढगाळ राहील का?,mr
चेन्नई मध्ये उद्या तापमान कसे राहील?,mr
ଆଜି ରାତିରେ ମୁମ୍ବାଇରେ ଛତା ନେଇଯିବା ଉଚିତ କି?,or
சென்னைல் நாளை மழை பெய்யும் என்று எதிர்பார்க்கப்படுகிறதா?,ta
मुंबई में आज रात धूप रहने की संभावना है क्या?,hi
ଚେନ୍ନାଇରେ ଆସନ୍ତାକାଲି ଖରା ରହିବାର ସମ୍ଭାବନା ଅଛି କି?,or
கொல்கத்தால் இந்த வார இறுதியில் காற்றின் வேகம் எவ்வளவு இருக்கும்?,ta
इस सप्ताहांत कोलकाता में कितनी गर्मी होगी?,hi
आज दिल्ली में कितनी ठंड होगी?,hi
કોલકાતામાં આ સપ્તાહના અંતે વરસાદની શક્યતા છે?,gu
ଦିଲ୍ଲୀରେ ଆଜି ଝଡ଼ ହେବାର ସମ୍ଭାବନା ଅଛି କି?,or
மும்பைல் இன்று இரவு வெப்பநிலை எப்படி இருக்கும்?,ta
चेन्नई में कल हवा की गति कितनी रहेगी?,hi
क्या आप मुंबई में आज रात मौसम बता सकते हैं?,hi
କୋଲକାତାରେ ଏହି ସପ୍ତାହାନ୍ତରେ ବର୍ଷା ହେବ କି?,or
Is the wind speed high in Mumbai tonight?,en
চেন্নাই-তে আগামীকাল বাইরে যাওয়ার জন্য আবহাওয়া ভালো কি?,bn
ਕੀ ਬੈਂਗਲੁਰੂ ਵਿੱਚ ਇਸ ਹਫ਼ਤੇ ਹਨੇਰੀ-ਤੂਫ਼ਾਨ ਆਵੇਗਾ?,pa
ବେଙ୍ଗାଲୁରୁରେ ଏହି ସପ୍ତାହରେ ବର୍ଷା ଆଶା କରାଯାଉଛି କି?,or
ಚೆನ್ನೈನಲ್ಲಿ ನಾಳೆ ತೇವಾಂಶ ಎಷ್ಟು ಇರುತ್ತದೆ?,kn
মুম্বাই-তে আজ রাতে কি জোরে বাতাস বইবে?,bn
બેંગલુરુમાં આ અઠવાડિયે વરસાદ પડશે?,gu
బెంగళూరులో ఈ వారం గాలిలో తేమ ఎంత ఉంటుంది?,te
મુંબઈમાં આજે રાત્રે બહાર જવા માટે હવામાન સારું છે?,gu
ਚੇਨਈ ਵਿੱਚ ਕੱਲ੍ਹ ਹਵਾ ਦੀ ਰਫ਼ਤਾਰ ਕਿੰਨੀ ਰਹੇਗੀ?,pa
कोलकाता में इस सप्ताहांत बारिश की उम्मीद है क्या?,hi
ਕੀ ਤੁਸੀਂ ਮੁੰਬਈ ਵਿੱਚ ਅੱਜ ਰਾਤ ਮੌਸਮ ਬਾਰੇ ਦੱਸ ਸਕਦੇ ਹੋ?,pa
மும்பைல் இன்று இரவு வானம் தெளிவாக இருக்குமா?,ta
ਕੀ ਦਿੱਲੀ ਵਿੱਚ ਅੱਜ ਆਸਮਾਨ ਸਾਫ਼ ਰਹੇਗਾ?,pa
ଆପଣ ଦିଲ୍ଲୀରେ ଆଜି ପାଗ ବିଷୟରେ କହିପାରିବେ କି?,or
ଚେନ୍ନାଇରେ ଆସନ୍ତାକାଲି ତାପମାତ୍ରା କେତେ ରହିବ?,or
ಮುಂಬೈನಲ್ಲಿ ಇಂದು ರಾತ್ರಿ ಗಾಳಿಯ ತೇವಾಂಶ ಎಷ್ಟು ಇರುತ್ತದೆ?,kn
ਇਸ ਹਫ਼ਤੇ ਬੈਂਗਲੁਰੂ ਦਾ ਮੌਸਮ ਕਿਹੋ ਜਿਹਾ ਰਹੇਗਾ?,pa
ਦਿੱਲੀ ਵਿੱਚ ਅੱਜ ਧੁੱਪ ਰਹਿਣ ਦੀ ਸੰਭਾਵਨਾ ਹੈ?,pa
क्या आप चेन्नई में कल मौसम बता सकते हैं?,hi
कोलकाता में इस सप्ताहांत हवा की गति कितनी रहेगी?,hi
मुंबई मध्ये आज रात्री पावसाची अपेक्षा आहे का?,mr
ਅੱਜ ਰਾਤ ਮੁੰਬਈ ਵਿੱਚ ਛਤਰੀ ਲੈ ਕੇ ਜਾਣੀ ਚਾਹੀਦੀ ਹੈ?,pa
இன்று டெல்லில் எவ்வளவு வெப்பமாக இருக்கும்?,ta
क्या दिल्ली में आज आंधी-तूफान आएगा?,hi
बेंगलुरु में इस सप्ताह तापमान कितना रहेगा?,hi
চেন্নাই-তে আগামীকাল বৃষ্টির আশা করা হচ্ছে কি?,bn
రేపు చెన్నైలో ఎంత వేడిగా ఉంటుంది?,te
ਮੁੰਬਈ ਵਿੱਚ ਅੱਜ ਰਾਤ ਤਾਪਮਾਨ ਕਿਹੋ ਜਿਹਾ ਰਹੇਗਾ?,pa
ಮುಂಬೈನಲ್ಲಿ ಇಂದು ರಾತ್ರಿ ತೇವಾಂಶ ಹೆಚ್ಚಾಗಿರುತ್ತದೆಯೇ?,kn
ਕੀ ਤੁਸੀਂ ਦਿੱਲੀ ਵਿੱਚ ਅੱਜ ਮੌਸਮ ਬਾਰੇ ਦੱਸ ਸਕਦੇ ਹੋ?,pa
कोलकाता मध्ये या आठवड्याच्या शेवटी वारा किती वेगाने वाहेल?,mr
দিল্লি-তে আজ কি আর্দ্রতা বেশি থাকবে?,bn
मुंबई के लिए आज रात मौसम का पूर्वानुमान बताइए।,hi
चेन्नई मध्ये उद्या हवेतील आर्द्रता किती असेल?,mr
कोलकाता मध्ये या आठवड्याच्या शेवटी तापमान किती राहील?,mr
কলকাতা-তে এই সপ্তাহান্তে ভ্রমণের জন্য আবহাওয়া কেমন থাকবে?,bn
ఈ వారాంతంలో కోల్‌కతాలో ఎంత వేడిగా ఉంటుంది?,te
ಬೆಂಗಳೂರುನಲ್ಲಿ ಈ ವಾರ ಹೊರಗೆ ಹೋಗಲು ಛತ್ರಿ ಬೇಕೇ?,kn
ਦਿੱਲੀ ਵਿੱਚ ਅੱਜ ਤਾਪਮਾਨ ਕਿਹੋ ਜਿਹਾ ਰਹੇਗਾ?,pa
ਕੋਲਕਾਤਾ ਵਿੱਚ ਇਸ ਹਫ਼ਤੇ ਦੇ ਅੰਤ ਵਿੱਚ ਹਵਾ ਕਿੰਨੀ ਤੇਜ਼ ਚੱਲੇਗੀ?,pa
மும்பைல் இன்று இரவு பலத்த காற்று வீசுமா?,ta
আজ দিল্লি-র আবহাওয়া কেমন থাকবে?,bn
मुंबई में आज रात मौसम कैसा रहेगा?,hi
କୋଲକାତାରେ ଏହି ସପ୍ତାହାନ୍ତରେ ଖରା ହେବ କି?,or
ದೆಹಲಿನಲ್ಲಿ ಇಂದು ಗಾಳಿಯ ತೇವಾಂಶ ಎಷ್ಟು ಇರುತ್ತದೆ?,kn
চেন্নাই-র আগামীকাল আবহাওয়ার পূর্বাভাস দিন।,bn
Is Chennai expected to be cloudy tomorrow?,en
क्या बेंगलुरु में इस सप्ताह धूप निकलेगी?,hi
ಈ ವಾರಾಂತ್ಯದಲ್ಲಿ ಕೋಲ್ಕತ್ತಾನಲ್ಲಿ ಎಷ್ಟು ಚಳಿಯಾಗಿರುತ್ತದೆ?,kn
બેંગલુરુમાં આ અઠવાડિયે બહાર જવા માટે છત્રી જોઈએ?,gu
କୋଲକାତାରେ ଏହି ସପ୍ତାହାନ୍ତରେ ଆର୍ଦ୍ରତା ଅଧିକ ରହିବ କି?,or
बेंगलुरु में इस सप्ताह नमी कितनी रहेगी?,hi
उद्या चेन्नई मध्ये किती थंडी असेल?,mr
ಮುಂಬೈನಲ್ಲಿ ಇಂದು ರಾತ್ರಿ ಆಕಾಶ ಮೋಡ ಕವಿದಿರುತ್ತದೆಯೇ?,kn
ఢిల్లీలో ఈ రోజు ఉరుములతో కూడిన వర్షం పడుతుందా?,te
चेन्नई मध्ये उद्या आकाश ढगाळ राहील का?,mr
उद्या चेन्नई मध्ये छत्री घेऊन जावे का?,mr
கொல்கத்தால் இந்த வார இறுதியில் பலத்த காற்று வீசுமா?,ta
ఢిల్లీలో ఈ రోజు ఆకాశం మేఘావృతంగా ఉంటుందా?,te
இந்த வாரம் பெங்களூருல் எவ்வளவு குளிராக இருக்கும்?,ta
பெங்களூருல் இந்த வாரம் காற்றின் ஈரப்பதம் எவ்வளவு இருக்கும்?,ta
દિલ્હીમાં આજે તડકો રહેવાની શક્યતા છે?,gu
ચેન્નાઈમાં આવતીકાલે વાવાઝોડું આવશે?,gu
বেঙ্গালুরু-তে এই সপ্তাহে ঝড়ের সম্ভাবনা আছে কি?,bn
ਕੋਲਕਾਤਾ ਵਿੱਚ ਇਸ ਹਫ਼ਤੇ ਦੇ ਅੰਤ ਵਿੱਚ ਮੌਸਮ ਕਿਹੋ ਜਿਹਾ ਰਹੇਗਾ?,pa
બેંગલુરુમાં આ અઠવાડિયે તાપમાન કેટલું રહેશે?,gu
कोलकाता मध्ये या आठवड्याच्या शेवटी वादळाची शक्यता आहे का?,mr
இன்று இரவு மும்பைல் குடை எடுத்துச் செல்ல வேண்டுமா?,ta
ବେଙ୍ଗାଲୁରୁରେ ଏହି ସପ୍ତାହରେ ଆକାଶ ସ୍ୱଚ୍ଛ ରହିବ କି?,or
What will the weather be like in Delhi today?,en
Will the weather be clear in Delhi today?,en
দিল্লি-তে আজ বৃষ্টি হবে কি?,bn
ದೆಹಲಿನಲ್ಲಿ ಇಂದು ಮಳೆ ಬೀಳುತ್ತದೆಯೇ?,kn
দিল্লি-তে আজ আকাশ পরিষ্কার থাকবে কি?,bn
દિલ્હીમાં આજે વરસાદની આગાહી છે?,gu
ବେଙ୍ଗାଲୁରୁରେ ଏହି ସପ୍ତାହରେ ବର୍ଷା ହେବାର ସମ୍ଭାବନା ଅଛି କି?,or
ఈ రాత్రి ముంబైలో ఎంత వేడిగా ఉంటుంది?,te
ముంబైలో ఈ రాత్రి ఉరుములతో కూడిన వర్షం పడుతుందా?,te
दिल्ली मध्ये आज आर्द्रता जास्त राहील का?,mr
நாளை சென்னைல் குடை எடுத்துச் செல்ல வேண்டுமா?,ta
આજે દિલ્હીનું હવામાન કેવું રહેશે?,gu
क्या दिल्ली में आज बाहर जाने के लिए मौसम अच्छा है?,hi
பெங்களூருல் இந்த வாரம் புயல் வர வாய்ப்பு உள்ளதா?,ta
Is the weather good for travel in Mumbai tonight?,en
Will strong winds affect Kolkata this weekend?,en
ਕੀ ਕੋਲਕਾਤਾ ਵਿੱਚ ਇਸ ਹਫ਼ਤੇ ਦੇ ਅੰਤ ਵਿੱਚ ਮੀਂਹ ਵਾਲਾ ਮੌਸਮ ਰਹੇਗਾ?,pa
ਕੀ ਬੈਂਗਲੁਰੂ ਵਿੱਚ ਇਸ ਹਫ਼ਤੇ ਆਸਮਾਨ ਬੱਦਲਾਂ ਨਾਲ ਘਿਰਿਆ ਰਹੇਗਾ?,pa
মুম্বাই-তে আজ রাতে ভ্রমণের জন্য আবহাওয়া কেমন থাকবে?,bn
ਕੀ ਚੇਨਈ ਵਿੱਚ ਕੱਲ੍ਹ ਤੇਜ਼ ਹਵਾਵਾਂ ਚੱਲਣਗੀਆਂ?,pa
এই সপ্তাহান্তে কলকাতা-র আবহাওয়া কেমন থাকবে?,bn
ਮੁੰਬਈ ਲਈ ਅੱਜ ਰਾਤ ਮੌਸਮ ਦੀ ਭਵਿੱਖਬਾਣੀ ਦੱਸੋ।,pa
મુંબઈમાં આજે રાત્રે હવામાન કેવું છે?,gu
मुंबई मध्ये आज रात्री वाऱ्याचा वेग किती राहील?,mr
কলকাতা-তে এই সপ্তাহান্তে কি জোরে বাতাস বইবে?,bn
क्या चेन्नई में कल मौसम साफ रहेगा?,hi
ବେଙ୍ଗାଲୁରୁରେ ଏହି ସପ୍ତାହରେ ପାଗ କେମିତି ରହିବ?,or
Will the weather be clear in Bengaluru this week?,en
চেন্নাই-তে আগামীকাল বাতাসের গতি কত থাকবে?,bn
பெங்களூருல் இந்த வாரம் வெப்பநிலை எப்படி இருக்கும்?,ta
ಮುಂಬೈನಲ್ಲಿ ಇಂದು ರಾತ್ರಿ ಪ್ರಯಾಣಕ್ಕೆ ಹವಾಮಾನ ಹೇಗಿರುತ್ತದೆ?,kn
दिल्ली में आज तापमान कितना रहेगा?,hi
बेंगळुरू मध्ये या आठवड्यात आकाश स्वच्छ राहील का?,mr
Chennai weather tomorrow?,en
કોલકાતામાં આ સપ્તાહના અંતે તેજ પવન ફૂંકાશે?,gu
Will it be humid in Kolkata this weekend?,en
ದೆಹಲಿನಲ್ಲಿ ಇಂದು ಹೊರಗೆ ಹೋಗಲು ಛತ್ರಿ ಬೇಕೇ?,kn
ముంబైలో ఈ రాత్రి తేమ ఎక్కువగా ఉంటుందా?,te
ಇಂದು ದೆಹಲಿನಲ್ಲಿ ಎಷ್ಟು ಚಳಿಯಾಗಿರುತ್ತದೆ?,kn
দিল্লি-তে আজ বাতাসের গতি কত থাকবে?,bn
चेन्नई मध्ये उद्या जोरदार वारे वाहतील का?,mr
కోల్‌కతాలో ఈ వారాంతంలో ఎండగా ఉంటుందా?,te
ମୁମ୍ବାଇରେ ଆଜି ରାତିରେ ବର୍ଷା ହେବ କି?,or
ಕೋಲ್ಕತ್ತಾನಲ್ಲಿ ಈ ವಾರಾಂತ್ಯದಲ್ಲಿ ಹೊರಗೆ ಹೋಗಲು ಛತ್ರಿ ಬೇಕೇ?,kn
मुंबई मध्ये आज रात्री ऊन पडेल का?,mr
ଦିଲ୍ଲୀରେ ଆଜି ବର୍ଷା ପାଗ ରହିବ କି?,or
கொல்கத்தால் இந்த வார இறுதியில் வெப்பநிலை எப்படி இருக்கும்?,ta
ਕੀ ਚੇਨਈ ਵਿੱਚ ਕੱਲ੍ਹ ਆਸਮਾਨ ਸਾਫ਼ ਰਹੇਗਾ?,pa
Will the sky be cloudy in Kolkata this weekend?,en
দিল্লি-তে আজ বাতাস কত জোরে বইবে?,bn
दिल्ली में आज बारिश की उम्मीद है क्या?,hi
ଦିଲ୍ଲୀରେ ଆଜି ଯାତ୍ରା ପାଇଁ ପାଗ କେମିତି ରହିବ?,or
மும்பைல் இன்று இரவு வானிலை பற்றி சொல்ல முடியுமா?,ta
বেঙ্গালুরু-তে এই সপ্তাহে কি আর্দ্রতা বেশি থাকবে?,bn
दिल्ली मध्ये आज बाहेर जाण्यासाठी हवामान चांगले आहे का?,mr
ଚେନ୍ନାଇରେ ଆସନ୍ତାକାଲି ବାୟୁର ଆର୍ଦ୍ରତା କେତେ ରହିବ?,or
பெங்களூருல் இந்த வாரம் வெளியே செல்வதற்கு வானிலை நன்றாக இருக்குமா?,ta
बेंगळुरू मध्ये या आठवड्यात बाहेर जाताना छत्री लागेल का?,mr
ਕੀ ਮੁੰਬਈ ਵਿੱਚ ਅੱਜ ਰਾਤ ਆਸਮਾਨ ਬੱਦਲਾਂ ਨਾਲ ਘਿਰਿਆ ਰਹੇਗਾ?,pa
ਚੇਨਈ ਵਿੱਚ ਕੱਲ੍ਹ ਤਾਪਮਾਨ ਕਿੰਨਾ ਰਹੇਗਾ?,pa
চেন্নাই-তে আগামীকাল বাইরে গেলে কি ছাতা লাগবে?,bn
कोलकाता मध्ये या आठवड्याच्या शेवटी तापमान कसे राहील?,mr
चेन्नई में कल धूप रहने की संभावना है क्या?,hi
મુંબઈમાં આજે રાત્રે આકાશ સ્વચ્છ રહેશે?,gu
बेंगळुरू मध्ये या आठवड्यात वारा किती वेगाने वाहेल?,mr
বেঙ্গালুরু-তে এই সপ্তাহে কি জোরে বাতাস বইবে?,bn
કોલકાતામાં આ સપ્તાહના અંતે વરસાદ પડશે?,gu
ମୁମ୍ବାଇରେ ଆଜି ରାତିରେ ପାଗ କେମିତି ଅଛି?,or
Is a storm expected in Chennai tomorrow?,en
বেঙ্গালুরু-তে এই সপ্তাহে বাইরে গেলে কি ছাতা লাগবে?,bn
মুম্বাই-তে আজ রাতে কি বৃষ্টির আবহাওয়া থাকবে?,bn
मुंबई मध्ये आज रात्री जोरदार वारे वाहतील का?,mr
டெல்லில் இன்று மழை பெய்யுமா?,ta
দিল্লি-তে আজ বৃষ্টির সম্ভাবনা আছে কি?,bn
ચેન્નાઈમાં આવતીકાલે ભેજ કેટલો રહેશે?,gu
ముంబైలో ఈ రాత్రి ఎండ ఉండే అవకాశం ఉందా?,te
दिल्ली में आज धूप रहने की संभावना है क्या?,hi
சென்னைல் நாளை வானம் மேகமூட்டமாக இருக்குமா?,ta
କୋଲକାତାରେ ଏହି ସପ୍ତାହାନ୍ତରେ ଜୋର ପବନ ବହିବ କି?,or
ਕੋਲਕਾਤਾ ਵਿੱਚ ਇਸ ਹਫ਼ਤੇ ਦੇ ਅੰਤ ਵਿੱਚ ਨਮੀ ਕਿੰਨੀ ਰਹੇਗੀ?,pa
मुंबई मध्ये आज रात्री आर्द्रता किती राहील?,mr
આ અઠવાડિયે બેંગલુરુમાં છત્રી લઈ જવી જોઈએ?,gu
બેંગલુરુમાં આ અઠવાડિયે ભેજ વધારે રહેશે?,gu
ਕੀ ਕੋਲਕਾਤਾ ਵਿੱਚ ਇਸ ਹਫ਼ਤੇ ਦੇ ਅੰਤ ਵਿੱਚ ਨਮੀ ਜ਼ਿਆਦਾ ਰਹੇਗੀ?,pa
શું તમે મુંબઈમાં આજે રાત્રે હવામાન વિશે કહી શકો છો?,gu
Will Mumbai be rainy tonight?,en
Will the sky be cloudy in Bengaluru this week?,en
கொல்கத்தால் இந்த வார இறுதியில் வெப்பநிலை எவ்வளவு இருக்கும்?,ta
ಮುಂಬೈನಲ್ಲಿ ಇಂದು ರಾತ್ರಿ ಮಳೆಯ ವಾತಾವರಣ ಇರುತ್ತದೆಯೇ?,kn
मुंबई मध्ये आज रात्री बाहेर जाताना छत्री लागेल का?,mr
कोलकाता मध्ये या आठवड्याच्या शेवटी हवामान कसे राहील?,mr
দিল্লি-তে আজ ভ্রমণের জন্য আবহাওয়া কেমন থাকবে?,bn
କୋଲକାତାରେ ଏହି ସପ୍ତାହାନ୍ତରେ ଆକାଶ ମେଘୁଆ ରହିବ କି?,or
ଆଜି ଦିଲ୍ଲୀରେ କେତେ ଗରମ ହେବ?,or
દિલ્હીમાં આજે વરસાદની શક્યતા છે?,gu
ఈ రోజు ఢిల్లీలో గొడుగు తీసుకెళ్లాలా?,te
Will strong winds affect Mumbai tonight?,en
दिल्ली में आज यात्रा के लिए मौसम कैसा रहेगा?,hi
मुंबई मध्ये आज रात्री प्रवासासाठी हवामान कसे राहील?,mr
बेंगलुरु में इस सप्ताह बारिश होगी क्या?,hi
ఢిల్లీలో ఈ రోజు తేమ ఎక్కువగా ఉంటుందా?,te
ਚੇਨਈ ਵਿੱਚ ਕੱਲ੍ਹ ਨਮੀ ਕਿੰਨੀ ਰਹੇਗੀ?,pa
દિલ્હીમાં આજે તાપમાન કેવું રહેશે?,gu
দিল্লি-তে আজ রোদ উঠবে কি?,bn
दिल्ली मध्ये आज हवामान कसे आहे?,mr
কলকাতা-তে এই সপ্তাহান্তে বাতাসের গতি কত থাকবে?,bn
ଚେନ୍ନାଇରେ ଆସନ୍ତାକାଲି ବଜ୍ରପାତ ସହ ବର୍ଷା ହେବ କି?,or
ದೆಹಲಿನಲ್ಲಿ ಇಂದು ಗುಡುಗು ಸಹಿತ ಮಳೆಯಾಗುತ್ತದೆಯೇ?,kn
ଆପଣ ଚେନ୍ନାଇରେ ଆସନ୍ତାକାଲି ପାଗ ବିଷୟରେ କହିପାରିବେ କି?,or
இந்த வாரம் பெங்களூருல் வானிலை எப்படி இருக்கும்?,ta
क्या चेन्नई में कल बाहर जाने के लिए मौसम अच्छा है?,hi
ମୁମ୍ବାଇରେ ଆଜି ରାତିରେ ଆକାଶ ସ୍ୱଚ୍ଛ ରହିବ କି?,or
ಈ ವಾರಾಂತ್ಯದಲ್ಲಿ ಕೋಲ್ಕತ್ತಾನಲ್ಲಿ ಎಷ್ಟು ಬಿಸಿಯಾಗಿರುತ್ತದೆ?,kn
ଦିଲ୍ଲୀରେ ଆଜି ବଜ୍ରପାତ ସହ ବର୍ଷା ହେବ କି?,or
இந்த வாரம் பெங்களூருல் எவ்வளவு வெப்பமாக இருக்கும்?,ta
ਕੀ ਦਿੱਲੀ ਵਿੱਚ ਅੱਜ ਨਮੀ ਜ਼ਿਆਦਾ ਰਹੇਗੀ?,pa
বেঙ্গালুরু-তে এই সপ্তাহে কি বৃষ্টির আবহাওয়া থাকবে?,bn
How cold will it be in Kolkata this weekend?,en
શું તમે કોલકાતામાં આ સપ્તાહના અંતે હવામાન વિશે કહી શકો છો?,gu
ଚେନ୍ନାଇରେ ଆସନ୍ତାକାଲି ଝଡ଼ ହେବାର ସମ୍ଭାବନା ଅଛି କି?,or
బెంగళూరులో ఈ వారం మేఘాలు ఉంటాయా?,te
இந்த வார இறுதியில் கொல்கத்தால் குடை எடுத்துச் செல்ல வேண்டுமா?,ta
ମୁମ୍ବାଇରେ ଆଜି ରାତିରେ ବାୟୁର ଆର୍ଦ୍ରତା କେତେ ରହିବ?,or
ముంబైలో ఈ రాత్రి వర్షపు వాతావరణం ఉంటుందా?,te
ಬೆಂಗಳೂರುನಲ್ಲಿ ಈ ವಾರ ಮೋಡಗಳು ಇರುತ್ತವೆಯೇ?,kn
Is Mumbai expected to be cloudy tonight?,en
या आठवड्यात बेंगळुरू मध्ये छत्री घेऊन जावे का?,mr
कोलकाता मध्ये या आठवड्याच्या शेवटी हवेतील आर्द्रता किती असेल?,mr
ਕੀ ਬੈਂਗਲੁਰੂ ਵਿੱਚ ਇਸ ਹਫ਼ਤੇ ਆਸਮਾਨ ਸਾਫ਼ ਰਹੇਗਾ?,pa
કોલકાતામાં આ સપ્તાહના અંતે તાપમાન કેટલું રહેશે?,gu
दिल्ली मध्ये आज बाहेर जाताना छत्री लागेल का?,mr
బెంగళూరులో ఈ వారం వాతావరణం ఎలా ఉంది?,te
चेन्नई मध्ये उद्या पाऊस पडेल का?,mr
ਕੀ ਤੁਸੀਂ ਕੋਲਕਾਤਾ ਵਿੱਚ ਇਸ ਹਫ਼ਤੇ ਦੇ ਅੰਤ ਵਿੱਚ ਮੌਸਮ ਬਾਰੇ ਦੱਸ ਸਕਦੇ ਹੋ?,pa
ಕೋಲ್ಕತ್ತಾನಲ್ಲಿ ಈ ವಾರಾಂತ್ಯದಲ್ಲಿ ಚಂಡಮಾರುತದ ಸಾಧ್ಯತೆ ಇದೆಯೇ?,kn
కోల్‌కతాలో ఈ వారాంతంలో బయటకు వెళ్లడానికి వాతావరణం బాగుంటుందా?,te
ଏହି ସପ୍ତାହାନ୍ତରେ କୋଲକାତାରେ ଛତା ନେଇଯିବା ଉଚିତ କି?,or
କୋଲକାତାରେ ଏହି ସପ୍ତାହାନ୍ତରେ ଯାତ୍ରା ପାଇଁ ପାଗ କେମିତି ରହିବ?,or
এই সপ্তাহে বেঙ্গালুরু-র আবহাওয়া কেমন থাকবে?,bn
What will the weather be like in Bengaluru this week?,en
આ અઠવાડિયે બેંગલુરુનું હવામાન કેવું રહેશે?,gu
દિલ્હીમાં આજે ભેજ વધારે રહેશે?,gu
ਕੀ ਬੈਂਗਲੁਰੂ ਵਿੱਚ ਇਸ ਹਫ਼ਤੇ ਤੇਜ਼ ਹਵਾਵਾਂ ਚੱਲਣਗੀਆਂ?,pa
కోల్‌కతాలో ఈ వారాంతంలో మేఘాలు ఉంటాయా?,te
Is it going to rain in Kolkata this weekend?,en
চেন্নাই-তে আগামীকাল বাতাস কত জোরে বইবে?,bn
ముంబైలో ఈ రాత్రి వాతావరణం ఎలా ఉంది?,te
ਇਸ ਹਫ਼ਤੇ ਦੇ ਅੰਤ ਵਿੱਚ ਕੋਲਕਾਤਾ ਵਿੱਚ ਛਤਰੀ ਲੈ ਕੇ ਜਾਣੀ ਚਾਹੀਦੀ ਹੈ?,pa
आज रात्री मुंबई मध्ये किती उकाडा असेल?,mr
Can you tell me the weather in Kolkata this weekend?,en
શું તમે ચેન્નાઈમાં આવતીકાલે હવામાન વિશે કહી શકો છો?,gu
ಚೆನ್ನೈನಲ್ಲಿ ನಾಳೆ ಬಿಸಿಲು ಇರುವ ಸಾಧ್ಯತೆ ಇದೆಯೇ?,kn
કોલકાતામાં આ સપ્તાહના અંતે હવામાન કેવું રહેશે?,gu
மும்பைல் இன்று இரவு வானிலை எப்படி இருக்கிறது?,ta
டெல்லிக்கான இன்று வானிலை முன்னறிவிப்பை சொல்லுங்கள்.,ta
ମୁମ୍ବାଇରେ ଆଜି ରାତିରେ ଖରା ରହିବାର ସମ୍ଭାବନା ଅଛି କି?,or
చెన్నైలో రేపు ఉరుములతో కూడిన వర్షం పడుతుందా?,te
ಕೋಲ್ಕತ್ತಾನಲ್ಲಿ ಈ ವಾರಾಂತ್ಯದಲ್ಲಿ ಹೊರಗೆ ಹೋಗಲು ಹವಾಮಾನ ಉತ್ತಮವಾಗಿರುತ್ತದೆಯೇ?,kn
दिल्ली में आज मौसम कैसा रहेगा?,hi
বেঙ্গালুরু-তে এই সপ্তাহে বৃষ্টির আশা করা হচ্ছে কি?,bn
मुंबई में आज रात नमी कितनी रहेगी?,hi
Will there be thunderstorms in Mumbai tonight?,en
டெல்லில் இன்று வெப்பநிலை எப்படி இருக்கும்?,ta
What is the humidity in Chennai tomorrow?,en
মুম্বাই-তে আজ রাতে বৃষ্টির সম্ভাবনা আছে কি?,bn
ದೆಹಲಿನಲ್ಲಿ ಇಂದು ಗಾಳಿ ಎಷ್ಟು ವೇಗವಾಗಿ ಬೀಸುತ್ತದೆ?,kn
আজ রাতে মুম্বাই-র আবহাওয়া কেমন থাকবে?,bn
How cold will it be in Bengaluru this week?,en
ಬೆಂಗಳೂರುನಲ್ಲಿ ಈ ವಾರ ಹವಾಮಾನ ಹೇಗಿದೆ?,kn
ಕೋಲ್ಕತ್ತಾನಲ್ಲಿ ಈ ವಾರಾಂತ್ಯದಲ್ಲಿ ಗಾಳಿಯ ವೇಗ ಎಷ್ಟು ಇರುತ್ತದೆ?,kn
கொல்கத்தால் இந்த வார இறுதியில் வானிலை எப்படி இருக்கிறது?,ta
ਅੱਜ ਦਿੱਲੀ ਵਿੱਚ ਕਿੰਨੀ ਠੰਢ ਹੋਵੇਗੀ?,pa
ବେଙ୍ଗାଲୁରୁରେ ଏହି ସପ୍ତାହରେ ଖରା ହେବ କି?,or
கொல்கத்தால் இந்த வார இறுதியில் வானிலை எப்படி இருக்கும்?,ta
ದೆಹಲಿನಲ್ಲಿ ಇಂದು ಬಿಸಿಲು ಇರುವ ಸಾಧ್ಯತೆ ಇದೆಯೇ?,kn
కోల్‌కతాలో ఈ వారాంతంలో ఎండ ఉండే అవకాశం ఉందా?,te
દિલ્હીમાં આજે હવામાન કેવું રહેશે?,gu
மும்பைல் இன்று இரவு மழை பெய்யுமா?,ta
ମୁମ୍ବାଇରେ ଆଜି ରାତିରେ ବାହାରକୁ ଯିବାବେଳେ ଛତା ଦରକାର କି?,or
ਕੱਲ੍ਹ ਚੇਨਈ ਵਿੱਚ ਛਤਰੀ ਲੈ ਕੇ ਜਾਣੀ ਚਾਹੀਦੀ ਹੈ?,pa
What is the humidity in Delhi today?,en
মুম্বাই-তে আজ রাতে বাতাসে আর্দ্রতা কত থাকবে?,bn
દિલ્હીમાં આજે બહાર જવા માટે હવામાન સારું છે?,gu
చెన్నైలో రేపు వాతావరణం ఎలా ఉంది?,te
बेंगलुरु में इस सप्ताह यात्रा के लिए मौसम कैसा रहेगा?,hi
ఢిల్లీలో ఈ రోజు వర్షం పడుతుందని అంచనా ఉందా?,te
आज रात मुंबई में छाता लेकर जाना चाहिए क्या?,hi
How humid will it be in Delhi today?,en
আজ রাতে মুম্বাই-তে কতটা ঠান্ডা থাকবে?,bn
या आठवड्याच्या शेवटी कोलकाता मधील हवामान कसे राहील?,mr
କୋଲକାତା ପାଇଁ ଏହି ସପ୍ତାହାନ୍ତରେ ପାଗର ପୂର୍ବାନୁମାନ ଦିଅନ୍ତୁ।,or
చెన్నైలో రేపు గాలి ఎంత వేగంగా వీస్తుంది?,te
कोलकाता में इस सप्ताहांत तापमान कितना रहेगा?,hi
दिल्ली में आज आर्द्रता कितनी होगी?,hi
ਕੀ ਮੁੰਬਈ ਵਿੱਚ ਅੱਜ ਰਾਤ ਮੀਂਹ ਵਾਲਾ ਮੌਸਮ ਰਹੇਗਾ?,pa
ముంబైలో ఈ రాత్రి ప్రయాణానికి వాతావరణం ఎలా ఉంటుంది?,te
दिल्ली मध्ये आज वाऱ्याचा वेग किती राहील?,mr
বেঙ্গালুরু-তে এই সপ্তাহে রোদ থাকার সম্ভাবনা আছে কি?,bn
டெல்லில் இன்று இடியுடன் மழை பெய்யுமா?,ta
కోల్‌కతాలో ఈ వారాంతంలో గాలిలో తేమ ఎంత ఉంటుంది?,te
How hot will it be in Delhi today?,en
ఈ వారం బెంగళూరులో గొడుగు తీసుకెళ్లాలా?,te
ముంబైలో ఈ రాత్రి వాతావరణం గురించి చెప్పగలరా?,te
சென்னைல் நாளை இடியுடன் மழை பெய்யுமா?,ta
ಕೋಲ್ಕತ್ತಾನಲ್ಲಿ ಈ ವಾರಾಂತ್ಯದಲ್ಲಿ ತೇವಾಂಶ ಹೆಚ್ಚಾಗಿರುತ್ತದೆಯೇ?,kn
ਕੋਲਕਾਤਾ ਵਿੱਚ ਇਸ ਹਫ਼ਤੇ ਦੇ ਅੰਤ ਵਿੱਚ ਧੁੱਪ ਰਹਿਣ ਦੀ ਸੰਭਾਵਨਾ ਹੈ?,pa
பெங்களூருல் இந்த வாரம் வானிலை எப்படி இருக்கிறது?,ta
కోల్‌కతాలో ఈ వారాంతంలో తేమ ఎంత ఉంటుంది?,te
బెంగళూరులో ఈ వారం గాలి ఎంత వేగంగా వీస్తుంది?,te
ବେଙ୍ଗାଲୁରୁରେ ଏହି ସପ୍ତାହରେ ଖରା ରହିବାର ସମ୍ଭାବନା ଅଛି କି?,or
ಮುಂಬೈನಲ್ಲಿ ಇಂದು ರಾತ್ರಿ ಹವಾಮಾನ ಹೇಗಿರುತ್ತದೆ?,kn
Will Bengaluru be rainy this week?,en
चेन्नई मध्ये उद्या ऊन राहण्याची शक्यता आहे का?,mr
ఈ రోజు ఢిల్లీలో ఎంత వేడిగా ఉంటుంది?,te
Is the weather good for travel in Bengaluru this week?,en
ଆଜି ଦିଲ୍ଲୀରେ କେତେ ଥଣ୍ଡା ରହିବ?,or
मुंबई मध्ये आज रात्री पावसाची शक्यता आहे का?,mr
சென்னைல் நாளை மழை பெய்யுமா?,ta
ਕੋਲਕਾਤਾ ਵਿੱਚ ਇਸ ਹਫ਼ਤੇ ਦੇ ਅੰਤ ਵਿੱਚ ਯਾਤਰਾ ਲਈ ਮੌਸਮ ਕਿਹੋ ਜਿਹਾ ਰਹੇਗਾ?,pa
ਬੈਂਗਲੁਰੂ ਵਿੱਚ ਇਸ ਹਫ਼ਤੇ ਮੌਸਮ ਕਿਹੋ ਜਿਹਾ ਰਹੇਗਾ?,pa
ਦਿੱਲੀ ਲਈ ਅੱਜ ਮੌਸਮ ਦੀ ਭਵਿੱਖਬਾਣੀ ਦੱਸੋ।,pa
బెంగళూరులో ఈ వారం వర్షం పడే అవకాశం ఉందా?,te
Will there be thunderstorms in Delhi today?,en
கொல்கத்தால் இந்த வார இறுதியில் மழை பெய்யுமா?,ta
டெல்லில் இன்று பலத்த காற்று வீசுமா?,ta
ನಾಳೆ ಚೆನ್ನೈನಲ್ಲಿ ಛತ್ರಿ ತೆಗೆದುಕೊಂಡು ಹೋಗಬೇಕೇ?,kn
কলকাতা-তে এই সপ্তাহান্তে রোদ থাকার সম্ভাবনা আছে কি?,bn
What will the weather be like in Mumbai tonight?,en
கொல்கத்தால் இந்த வார இறுதியில் வெளியே செல்வதற்கு வானிலை நன்றாக இருக்குமா?,ta
ਕੋਲਕਾਤਾ ਵਿੱਚ ਇਸ ਹਫ਼ਤੇ ਦੇ ਅੰਤ ਵਿੱਚ ਮੀਂਹ ਦੀ ਉਮੀਦ ਹੈ?,pa
বেঙ্গালুরু-তে এই সপ্তাহে আকাশ পরিষ্কার থাকবে কি?,bn
मुंबई में आज रात हवा की गति कितनी रहेगी?,hi
कोलकाता में इस सप्ताहांत हवा कितनी तेज चलेगी?,hi
या आठवड्यात बेंगळुरू मध्ये किती थंडी असेल?,mr
ಚೆನ್ನೈನಲ್ಲಿ ನಾಳೆ ಗುಡುಗು ಸಹಿತ ಮಳೆಯಾಗುತ್ತದೆಯೇ?,kn
பெங்களூருல் இந்த வாரம் மழை பெய்யும் என்று எதிர்பார்க்கப்படுகிறதா?,ta
ਕੀ ਦਿੱਲੀ ਵਿੱਚ ਅੱਜ ਧੁੱਪ ਨਿਕਲੇਗੀ?,pa
चेन्नई मध्ये उद्या बाहेर जाताना छत्री लागेल का?,mr
দিল্লি-তে আজ আকাশ কি মেঘলা থাকবে?,bn
কলকাতা-তে এই সপ্তাহান্তে আকাশ পরিষ্কার থাকবে কি?,bn
Can you tell me the weather in Delhi today?,en
कल चेन्नई में कितनी ठंड होगी?,hi
బెంగళూరు కోసం ఈ వారం వాతావరణ అంచనాను చెప్పండి.,te
Will the weather be clear in Chennai tomorrow?,en
కోల్‌కతాలో ఈ వారాంతంలో తేమ ఎక్కువగా ఉంటుందా?,te
मुंबई मध्ये आज रात्री पाऊस पडेल का?,mr
బెంగళూరులో ఈ వారం బయటకు వెళ్లడానికి వాతావరణం బాగుంటుందా?,te
Is Mumbai weather suitable for going outside tonight?,en
মুম্বাই-তে আজ রাতে বাতাস কত জোরে বইবে?,bn
How hot will it be in Chennai tomorrow?,en
মুম্বাই-তে আজ রাতে বৃষ্টির আশা করা হচ্ছে কি?,bn
मुंबई में आज रात हवा कितनी तेज चलेगी?,hi
तुम्ही बेंगळुरू मधील या आठवड्यात हवामान सांगू शकता का?,mr
આ અઠવાડિયે બેંગલુરુમાં કેટલી ઠંડી રહેશે?,gu
બેંગલુરુમાં આ અઠવાડિયે તડકો રહેશે?,gu
ਕੋਲਕਾਤਾ ਵਿੱਚ ਇਸ ਹਫ਼ਤੇ ਦੇ ਅੰਤ ਵਿੱਚ ਤੂਫ਼ਾਨ ਦੀ ਸੰਭਾਵਨਾ ਹੈ?,pa
சென்னைல் நாளை ஈரப்பதம் அதிகமாக இருக்குமா?,ta
ਕੀ ਮੁੰਬਈ ਵਿੱਚ ਅੱਜ ਰਾਤ ਮੀਂਹ ਪੈਣ ਦੀ ਸੰਭਾਵਨਾ ਹੈ?,pa
ಬೆಂಗಳೂರುನಲ್ಲಿ ಈ ವಾರ ಬಿಸಿಲು ಇರುತ್ತದೆಯೇ?,kn
उद्या चेन्नई मधील हवामान कसे राहील?,mr
ఢిల్లీలో ఈ రోజు ఎండ ఉండే అవకాశం ఉందా?,te
பெங்களூருல் இந்த வாரம் இடியுடன் மழை பெய்யுமா?,ta
ముంబైలో ఈ రాత్రి తేమ ఎంత ఉంటుంది?,te
ચેન્નાઈમાં આવતીકાલે વરસાદની શક્યતા છે?,gu
मुंबई मध्ये आज रात्री वादळ येईल का?,mr
ચેન્નાઈમાં આવતીકાલે પવન કેટલો ઝડપી હશે?,gu
மும்பைல் இன்று இரவு பயணம் செய்ய வானிலை எப்படி இருக்கும்?,ta
मुंबई में आज रात मौसम कैसा है?,hi
Will Delhi be rainy today?,en
ਕੱਲ੍ਹ ਚੇਨਈ ਵਿੱਚ ਕਿੰਨੀ ਗਰਮੀ ਹੋਵੇਗੀ?,pa
आज दिल्ली में कितनी गर्मी होगी?,hi
ਚੇਨਈ ਵਿੱਚ ਕੱਲ੍ਹ ਯਾਤਰਾ ਲਈ ਮੌਸਮ ਕਿਹੋ ਜਿਹਾ ਰਹੇਗਾ?,pa
கொல்கத்தால் இந்த வார இறுதியில் மேகங்கள் இருக்குமா?,ta
ମୁମ୍ବାଇରେ ଆଜି ରାତିରେ ବଜ୍ରପାତ ସହ ବର୍ଷା ହେବ କି?,or
मुंबई मध्ये आज रात्री वादळाची शक्यता आहे का?,mr
ముంబైలో ఈ రాత్రి ఉష్ణోగ్రత ఎంత ఉంటుంది?,te
ఢిల్లీలో ఈ రోజు వాతావరణం గురించి చెప్పగలరా?,te
ಬೆಂಗಳೂರುನಲ್ಲಿ ಈ ವಾರ ತಾಪಮಾನ ಹೇಗಿರುತ್ತದೆ?,kn
कोलकाता मध्ये या आठवड्याच्या शेवटी जोरदार वारे वाहतील का?,mr
ਦਿੱਲੀ ਵਿੱਚ ਅੱਜ ਮੌਸਮ ਕਿਹੋ ਜਿਹਾ ਹੈ?,pa
ਅੱਜ ਰਾਤ ਮੁੰਬਈ ਵਿੱਚ ਕਿੰਨੀ ਗਰਮੀ ਹੋਵੇਗੀ?,pa
ಚೆನ್ನೈನಲ್ಲಿ ನಾಳೆ ಆಕಾಶ ಮೋಡ ಕವಿದಿರುತ್ತದೆಯೇ?,kn
ମୁମ୍ବାଇରେ ଆଜି ରାତିରେ ବାହାରକୁ ଯିବା ପାଇଁ ପାଗ ଭଲ କି?,or
कोलकाता साठी या आठवड्याच्या शेवटी हवामानाचा अंदाज द्या.,mr
కోల్‌కతాలో ఈ వారాంతంలో గాలి వేగం ఎంత ఉంటుంది?,te
Will the sky be cloudy in Mumbai tonight?,en
How humid will it be in Mumbai tonight?,en
కోల్‌కతాలో ఈ వారాంతంలో ఉరుములతో కూడిన వర్షం పడుతుందా?,te
சென்னைல் நாளை காற்று எவ்வளவு வேகமாக வீசும்?,ta
બેંગલુરુમાં આ અઠવાડિયે પવન કેટલો ઝડપી હશે?,gu
कोलकाता में इस सप्ताहांत बारिश होगी क्या?,hi
ਕੀ ਮੁੰਬਈ ਵਿੱਚ ਅੱਜ ਰਾਤ ਨਮੀ ਜ਼ਿਆਦਾ ਰਹੇਗੀ?,pa
ਕੋਲਕਾਤਾ ਵਿੱਚ ਇਸ ਹਫ਼ਤੇ ਦੇ ਅੰਤ ਵਿੱਚ ਮੀਂਹ ਪਵੇਗਾ?,pa
ఈ రాత్రి ముంబైలో ఎంత చల్లగా ఉంటుంది?,te
चेन्नई मध्ये उद्या आकाश स्वच्छ राहील का?,mr
क्या चेन्नई में कल बादल छाए रहेंगे?,hi
Will the sky be cloudy in Delhi today?,en
बेंगळुरू मध्ये या आठवड्यात वाऱ्याचा वेग किती राहील?,mr
Will it be sunny in Chennai tomorrow?,en
ଦିଲ୍ଲୀରେ ଆଜି ବାହାରକୁ ଯିବା ପାଇଁ ପାଗ ଭଲ କି?,or
பெங்களூருல் இந்த வாரம் மழை பெய்யுமா?,ta
Kolkata weather this weekend?,en
ਚੇਨਈ ਵਿੱਚ ਕੱਲ੍ਹ ਧੁੱਪ ਰਹਿਣ ਦੀ ਸੰਭਾਵਨਾ ਹੈ?,pa
શું તમે બેંગલુરુમાં આ અઠવાડિયે હવામાન વિશે કહી શકો છો?,gu
મુંબઈમાં આજે રાત્રે મુસાફરી માટે હવામાન કેવું રહેશે?,gu
ఢిల్లీలో ఈ రోజు వర్షం పడే అవకాశం ఉందా?,te
आज रात मुंबई में कितनी ठंड होगी?,hi
Bengaluru weather this week?,en
Will it be sunny in Delhi today?,en
ଦିଲ୍ଲୀରେ ଆଜି ଆର୍ଦ୍ରତା ଅଧିକ ରହିବ କି?,or
ચેન્નાઈમાં આવતીકાલે વરસાદી હવામાન રહેશે?,gu
ఈ రాత్రి ముంబైలో వాతావరణం ఎలా ఉంటుంది?,te
इस सप्ताहांत कोलकाता में कितनी ठंड होगी?,hi
ਬੈਂਗਲੁਰੂ ਲਈ ਇਸ ਹਫ਼ਤੇ ਮੌਸਮ ਦੀ ਭਵਿੱਖਬਾਣੀ ਦੱਸੋ।,pa
Can you tell me the weather in Mumbai tonight?,en
कोलकाता मध्ये या आठवड्याच्या शेवटी आकाश स्वच्छ राहील का?,mr
আজ দিল্লি-তে কতটা ঠান্ডা থাকবে?,bn
দিল্লি-তে আজ তাপমাত্রা কেমন থাকবে?,bn
दिल्ली मध्ये आज पाऊस पडेल का?,mr
ਦਿੱਲੀ ਵਿੱਚ ਅੱਜ ਹਵਾ ਦੀ ਰਫ਼ਤਾਰ ਕਿੰਨੀ ਰਹੇਗੀ?,pa
பெங்களூருல் இந்த வாரம் மழைக்கால வானிலை இருக்குமா?,ta
चेन्नई में कल मौसम कैसा रहेगा?,hi
कोलकाता मध्ये या आठवड्याच्या शेवटी प्रवासासाठी हवामान कसे राहील?,mr
చెన్నైలో రేపు గాలిలో తేమ ఎంత ఉంటుంది?,te
બેંગલુરુમાં આ અઠવાડિયે મુસાફરી માટે હવામાન કેવું રહેશે?,gu
आज दिल्ली मधील हवामान कसे राहील?,mr
या आठवड्याच्या शेवटी कोलकाता मध्ये छत्री घेऊन जावे का?,mr
மும்பைல் இன்று இரவு காற்று எவ்வளவு வேகமாக வீசும்?,ta
दिल्ली मध्ये आज ढग राहतील का?,mr
कोलकाता मध्ये या आठवड्याच्या शेवटी बाहेर जाण्यासाठी हवामान चांगले आहे का?,mr
ఢిల్లీలో ఈ రోజు గాలి వేగం ఎంత ఉంటుంది?,te
ముంబైలో ఈ రాత్రి వర్షం పడుతుందని అంచనా ఉందా?,te
ଦିଲ୍ଲୀରେ ଆଜି ପବନ କେତେ ଜୋରରେ ବହିବ?,or
दिल्ली मध्ये आज हवामान कसे राहील?,mr
டெல்லில் இன்று வானம் தெளிவாக இருக்குமா?,ta
ಈ ವಾರಾಂತ್ಯದಲ್ಲಿ ಕೋಲ್ಕತ್ತಾನಲ್ಲಿ ಛತ್ರಿ ತೆಗೆದುಕೊಂಡು ಹೋಗಬೇಕೇ?,kn
मुंबई मध्ये आज रात्री हवेतील आर्द्रता किती असेल?,mr
ಚೆನ್ನೈನಲ್ಲಿ ನಾಳೆ ಹವಾಮಾನ ಹೇಗಿರುತ್ತದೆ?,kn
ಬೆಂಗಳೂರುನಲ್ಲಿ ಈ ವಾರ ತೇವಾಂಶ ಹೆಚ್ಚಾಗಿರುತ್ತದೆಯೇ?,kn
சென்னைல் நாளை வெயில் இருக்கும் வாய்ப்பு உள்ளதா?,ta
ಈ ವಾರ ಬೆಂಗಳೂರುನಲ್ಲಿ ಛತ್ರಿ ತೆಗೆದುಕೊಂಡು ಹೋಗಬೇಕೇ?,kn
ମୁମ୍ବାଇରେ ଆଜି ରାତିରେ ତାପମାତ୍ରା କେମିତି ରହିବ?,or
చెన్నైలో రేపు బయటకు వెళ్లడానికి గొడుగు అవసరమా?,te
ಬೆಂಗಳೂರುನಲ್ಲಿ ಈ ವಾರ ಆಕಾಶ ಮೋಡ ಕವಿದಿರುತ್ತದೆಯೇ?,kn
বেঙ্গালুরু-তে এই সপ্তাহে রোদ উঠবে কি?,bn
சென்னைல் நாளை வெளியே செல்ல குடை தேவையா?,ta
ಕೋಲ್ಕತ್ತಾನಲ್ಲಿ ಈ ವಾರಾಂತ್ಯದಲ್ಲಿ ಪ್ರಯಾಣಕ್ಕೆ ಹವಾಮಾನ ಹೇಗಿರುತ್ತದೆ?,kn
ଚେନ୍ନାଇରେ ଆସନ୍ତାକାଲି ପବନ କେତେ ଜୋରରେ ବହିବ?,or
ਅੱਜ ਦਿੱਲੀ ਵਿੱਚ ਕਿੰਨੀ ਗਰਮੀ ਹੋਵੇਗੀ?,pa
ਅੱਜ ਰਾਤ ਮੁੰਬਈ ਵਿੱਚ ਕਿੰਨੀ ਠੰਢ ਹੋਵੇਗੀ?,pa
பெங்களூருல் இந்த வாரம் பலத்த காற்று வீசுமா?,ta
Will the sky be cloudy in Chennai tomorrow?,en
चेन्नई में कल नमी कितनी रहेगी?,hi
ଆପଣ କୋଲକାତାରେ ଏହି ସପ୍ତାହାନ୍ତରେ ପାଗ ବିଷୟରେ କହିପାରିବେ କି?,or
ਇਸ ਹਫ਼ਤੇ ਬੈਂਗਲੁਰੂ ਵਿੱਚ ਕਿੰਨੀ ਗਰਮੀ ਹੋਵੇਗੀ?,pa
आज रात मुंबई में कितनी गर्मी होगी?,hi
ବେଙ୍ଗାଲୁରୁରେ ଏହି ସପ୍ତାହରେ ଆର୍ଦ୍ରତା ଅଧିକ ରହିବ କି?,or
ముంబైలో ఈ రాత్రి వర్షం పడుతుందా?,te
டெல்லில் இன்று வானிலை எப்படி இருக்கும்?,ta
दिल्ली मध्ये आज तापमान किती राहील?,mr
मुंबई मध्ये आज रात्री पावसाळी हवामान राहील का?,mr
டெல்லில் இன்று பயணம் செய்ய வானிலை எப்படி இருக்கும்?,ta
ଚେନ୍ନାଇରେ ଆସନ୍ତାକାଲି ପବନର ବେଗ କେତେ ରହିବ?,or
बेंगळुरू मध्ये या आठवड्यात जोरदार वारे वाहतील का?,mr
আজ রাতে মুম্বাই-তে ছাতা নিয়ে যাওয়া উচিত কি?,bn
ଦିଲ୍ଲୀରେ ଆଜି ବର୍ଷା ଆଶା କରାଯାଉଛି କି?,or
बेंगलुरु में इस सप्ताह आर्द्रता कितनी होगी?,hi
ಚೆನ್ನೈನಲ್ಲಿ ನಾಳೆ ಪ್ರಯಾಣಕ್ಕೆ ಹವಾಮಾನ ಹೇಗಿರುತ್ತದೆ?,kn
மும்பைல் இன்று இரவு காற்றின் வேகம் எவ்வளவு இருக்கும்?,ta
இந்த வார இறுதியில் கொல்கத்தால் எவ்வளவு வெப்பமாக இருக்கும்?,ta
ਮੁੰਬਈ ਵਿੱਚ ਅੱਜ ਰਾਤ ਮੀਂਹ ਪਵੇਗਾ?,pa
ଚେନ୍ନାଇରେ ଆସନ୍ତାକାଲି ଆକାଶ ସ୍ୱଚ୍ଛ ରହିବ କି?,or
Is the wind speed high in Bengaluru this week?,en
Do I need an umbrella in Chennai tomorrow?,en
இன்று டெல்லில் எவ்வளவு குளிராக இருக்கும்?,ta
বেঙ্গালুরু-তে এই সপ্তাহে বাতাস কত জোরে বইবে?,bn
சென்னைல் நாளை பலத்த காற்று வீசுமா?,ta
How is the weather in Mumbai tonight?,en
मुंबई में आज रात बारिश होगी क्या?,hi
મુંબઈમાં આજે રાત્રે તોફાનની શક્યતા છે?,gu
बेंगलुरु में इस सप्ताह तापमान कैसा रहेगा?,hi
क्या दिल्ली में आज बाहर जाते समय छाता चाहिए?,hi
ಕೋಲ್ಕತ್ತಾನಲ್ಲಿ ಈ ವಾರಾಂತ್ಯದಲ್ಲಿ ಮಳೆಯ ವಾತಾವರಣ ಇರುತ್ತದೆಯೇ?,kn
చెన్నైలో రేపు వాతావరణం ఎలా ఉంటుంది?,te
चेन्नई मध्ये उद्या बाहेर जाण्यासाठी हवामान चांगले आहे का?,mr
ದೆಹಲಿನಲ್ಲಿ ಇಂದು ತಾಪಮಾನ ಎಷ್ಟು ಇರುತ್ತದೆ?,kn
বেঙ্গালুরু-তে এই সপ্তাহে বৃষ্টির সম্ভাবনা আছে কি?,bn
কলকাতা-তে এই সপ্তাহান্তে বৃষ্টি হবে কি?,bn
மும்பைல் இன்று இரவு வெயில் இருக்கும் வாய்ப்பு உள்ளதா?,ta
ಮುಂಬೈನಲ್ಲಿ ಇಂದು ರಾತ್ರಿ ಬಿಸಿಲು ಇರುತ್ತದೆಯೇ?,kn
क्या मुंबई में आज रात बादल छाए रहेंगे?,hi
How hot will it be in Mumbai tonight?,en
ମୁମ୍ବାଇରେ ଆଜି ରାତିରେ ପବନ କେତେ ଜୋରରେ ବହିବ?,or
What is the temperature in Bengaluru this week?,en
ଆସନ୍ତାକାଲି ଚେନ୍ନାଇରେ ଛତା ନେଇଯିବା ଉଚିତ କି?,or
பெங்களூருல் இந்த வாரம் வெயில் இருக்கும் வாய்ப்பு உள்ளதா?,ta
ਕੀ ਕੋਲਕਾਤਾ ਵਿੱਚ ਇਸ ਹਫ਼ਤੇ ਦੇ ਅੰਤ ਵਿੱਚ ਧੁੱਪ ਨਿਕਲੇਗੀ?,pa
બેંગલુરુમાં આ અઠવાડિયે આકાશ વાદળછાયું રહેશે?,gu
या आठवड्याच्या शेवटी कोलकाता मध्ये किती थंडी असेल?,mr
ચેન્નાઈમાં આવતીકાલે હવામાન કેવું છે?,gu
டெல்லில் இன்று மழைக்கால வானிலை இருக்குமா?,ta
इस सप्ताह बेंगलुरु का मौसम कैसा रहेगा?,hi
ଦିଲ୍ଲୀରେ ଆଜି ବର୍ଷା ହେବାର ସମ୍ଭାବନା ଅଛି କି?,or
કોલકાતામાં આ સપ્તાહના અંતે ભેજ વધારે રહેશે?,gu
டெல்லில் இன்று வானிலை பற்றி சொல்ல முடியுமா?,ta
Is Bengaluru likely to get rain this week?,en
How is the weather in Bengaluru this week?,en
ଆଜି ରାତିରେ ମୁମ୍ବାଇରେ କେତେ ଥଣ୍ଡା ରହିବ?,or
कोलकाता में इस सप्ताहांत नमी कितनी रहेगी?,hi
बेंगळुरू मध्ये या आठवड्यात आर्द्रता जास्त राहील का?,mr
కోల్‌కతాలో ఈ వారాంతంలో వర్షం పడే అవకాశం ఉందా?,te
ದೆಹಲಿನಲ್ಲಿ ಇಂದು ಹವಾಮಾನ ಹೇಗಿರುತ್ತದೆ?,kn
மும்பைல் இன்று இரவு மழை பெய்யும் என்று எதிர்பார்க்கப்படுகிறதா?,ta
பெங்களூருல் இந்த வாரம் வானிலை பற்றி சொல்ல முடியுமா?,ta
బెంగళూరులో ఈ వారం ప్రయాణానికి వాతావరణం ఎలా ఉంటుంది?,te
Is sunshine expected in Bengaluru this week?,en
আজ রাতে মুম্বাই-তে কতটা গরম পড়বে?,bn
ବେଙ୍ଗାଲୁରୁରେ ଏହି ସପ୍ତାହରେ ଯାତ୍ରା ପାଇଁ ପାଗ କେମିତି ରହିବ?,or
ದೆಹಲಿನಲ್ಲಿ ಇಂದು ಗಾಳಿಯ ವೇಗ ಎಷ್ಟು ಇರುತ್ತದೆ?,kn
కోల్‌కతాలో ఈ వారాంతంలో ఉష్ణోగ్రత ఎలా ఉంటుంది?,te
বেঙ্গালুরু-তে এই সপ্তাহে বাতাসে আর্দ্রতা কত থাকবে?,bn
ਬੈਂਗਲੁਰੂ ਵਿੱਚ ਇਸ ਹਫ਼ਤੇ ਧੁੱਪ ਰਹਿਣ ਦੀ ਸੰਭਾਵਨਾ ਹੈ?,pa
ಮುಂಬೈನಲ್ಲಿ ಇಂದು ರಾತ್ರಿ ಮಳೆಯಾಗುವ ನಿರೀಕ್ಷೆಯಿದೆಯೇ?,kn
ମୁମ୍ବାଇ ପାଇଁ ଆଜି ରାତିରେ ପାଗର ପୂର୍ବାନୁମାନ ଦିଅନ୍ତୁ।,or
ચેન્નાઈમાં આવતીકાલે મુસાફરી માટે હવામાન કેવું રહેશે?,gu
দিল্লি-তে আজ বাতাসে আর্দ্রতা কত থাকবে?,bn
કોલકાતામાં આ સપ્તાહના અંતે વાદળો રહેશે?,gu
चेन्नई मध्ये उद्या वाऱ्याचा वेग किती राहील?,mr
आज रात मुंबई का मौसम कैसा रहेगा?,hi
Will the weather be clear in Kolkata this weekend?,en
ਦਿੱਲੀ ਵਿੱਚ ਅੱਜ ਮੀਂਹ ਪਵੇਗਾ?,pa
আজ দিল্লি-তে ছাতা নিয়ে যাওয়া উচিত কি?,bn
आज रात्री मुंबई मध्ये किती थंडी असेल?,mr
కోల్‌కతాలో ఈ వారాంతంలో ఆకాశం మేఘావృతంగా ఉంటుందా?,te
କୋଲକାତାରେ ଏହି ସପ୍ତାହାନ୍ତରେ ପାଗ କେମିତି ଅଛି?,or
ಬೆಂಗಳೂರುನಲ್ಲಿ ಈ ವಾರ ಮಳೆ ಬೀಳುತ್ತದೆಯೇ?,kn
బెంగళూరులో ఈ వారం బయటకు వెళ్లడానికి గొడుగు అవసరమా?,te
मुंबई मध्ये आज रात्री आकाश ढगाळ राहील का?,mr
ਕੀ ਤੁਸੀਂ ਬੈਂਗਲੁਰੂ ਵਿੱਚ ਇਸ ਹਫ਼ਤੇ ਮੌਸਮ ਬਾਰੇ ਦੱਸ ਸਕਦੇ ਹੋ?,pa
Should I carry an umbrella in Mumbai tonight?,en
டெல்லில் இன்று காற்றின் வேகம் எவ்வளவு இருக்கும்?,ta
बेंगळुरू मध्ये या आठवड्यात तापमान कसे राहील?,mr
ಕೋಲ್ಕತ್ತಾನಲ್ಲಿ ಈ ವಾರಾಂತ್ಯದಲ್ಲಿ ಮೋಡಗಳು ಇರುತ್ತವೆಯೇ?,kn
చెన్నైలో రేపు ఎండ ఉండే అవకాశం ఉందా?,te
इस सप्ताहांत कोलकाता में छाता लेकर जाना चाहिए क्या?,hi
ਕੀ ਬੈਂਗਲੁਰੂ ਵਿੱਚ ਇਸ ਹਫ਼ਤੇ ਮੀਂਹ ਵਾਲਾ ਮੌਸਮ ਰਹੇਗਾ?,pa
ଚେନ୍ନାଇରେ ଆସନ୍ତାକାଲି ତାପମାତ୍ରା କେମିତି ରହିବ?,or
મુંબઈમાં આજે રાત્રે વરસાદની આગાહી છે?,gu
মুম্বাই-তে আজ রাতে আবহাওয়া কেমন?,bn
क्या कोलकाता में इस सप्ताहांत आंधी-तूफान आएगा?,hi
ચેન્નાઈમાં આવતીકાલે તાપમાન કેટલું રહેશે?,gu
ਦਿੱਲੀ ਵਿੱਚ ਅੱਜ ਹਵਾ ਦੀ ਨਮੀ ਕਿੰਨੀ ਹੋਵੇਗੀ?,pa
मुंबई में आज रात आसमान में बादल रहेंगे क्या?,hi
ଦିଲ୍ଲୀରେ ଆଜି ପବନର ବେଗ କେତେ ରହିବ?,or
કોલકાતામાં આ સપ્તાહના અંતે બહાર જવા માટે હવામાન સારું છે?,gu
ଆଜି ଦିଲ୍ଲୀରେ ଛତା ନେଇଯିବା ଉଚିତ କି?,or
Will there be thunderstorms in Bengaluru this week?,en
ਦਿੱਲੀ ਵਿੱਚ ਅੱਜ ਮੌਸਮ ਕਿਹੋ ਜਿਹਾ ਰਹੇਗਾ?,pa
చెన్నైలో రేపు వర్షపు వాతావరణం ఉంటుందా?,te
বেঙ্গালুরু-তে এই সপ্তাহে বাইরে যাওয়ার জন্য আবহাওয়া ভালো কি?,bn
ચેન્નાઈમાં આવતીકાલે બહાર જવા માટે હવામાન સારું છે?,gu
क्या दिल्ली में आज बादल छाए रहेंगे?,hi
Is sunshine expected in Kolkata this weekend?,en
இன்று இரவு மும்பைல் வானிலை எப்படி இருக்கும்?,ta
చెన్నైలో రేపు వర్షం పడుతుందని అంచనా ఉందా?,te
ఈ రాత్రి ముంబైలో గొడుగు తీసుకెళ్లాలా?,te
ਬੈਂਗਲੁਰੂ ਵਿੱਚ ਇਸ ਹਫ਼ਤੇ ਤਾਪਮਾਨ ਕਿਹੋ ਜਿਹਾ ਰਹੇਗਾ?,pa
ముంబైలో ఈ రాత్రి వాతావరణం ఎలా ఉంటుంది?,te
